#name	%unambiguousReads	unambiguousMB	%ambiguousReads	ambiguousMB	unambiguousReads	ambiguousReads	assignedReads	assignedBases
998	0.10560	0.000108	0.00000	0.000000	1	0	1	108
997	0.10560	0.000108	0.00000	0.000000	1	0	1	108
996	0.10560	0.000108	0.00000	0.000000	1	0	1	108
995	0.10560	0.000107	0.00000	0.000000	1	0	1	107
994	0.10560	0.000108	0.00000	0.000000	1	0	1	108
992	0.10560	0.000108	0.00000	0.000000	1	0	1	108
991	0.10560	0.000108	0.00000	0.000000	1	0	1	108
990	0.10560	0.000108	0.00000	0.000000	1	0	1	108
99	0.10560	0.000108	0.00000	0.000000	1	0	1	108
989	0.10560	0.000108	0.00000	0.000000	1	0	1	108
988	0.10560	0.000108	0.00000	0.000000	1	0	1	108
987	0.10560	0.000108	0.00000	0.000000	1	0	1	108
986	0.10560	0.000108	0.00000	0.000000	1	0	1	108
985	0.10560	0.000108	0.00000	0.000000	1	0	1	108
984	0.10560	0.000108	0.00000	0.000000	1	0	1	108
982	0.10560	0.000108	0.00000	0.000000	1	0	1	108
981	0.10560	0.000108	0.00000	0.000000	1	0	1	108
980	0.10560	0.000108	0.00000	0.000000	1	0	1	108
98	0.10560	0.000107	0.00000	0.000000	1	0	1	107
979	0.10560	0.000104	0.00000	0.000000	1	0	1	104
978	0.10560	0.000108	0.00000	0.000000	1	0	1	108
977	0.10560	0.000108	0.00000	0.000000	1	0	1	108
976	0.10560	0.000108	0.00000	0.000000	1	0	1	108
975	0.10560	0.000108	0.00000	0.000000	1	0	1	108
974	0.10560	0.000108	0.00000	0.000000	1	0	1	108
973	0.10560	0.000108	0.00000	0.000000	1	0	1	108
972	0.10560	0.000105	0.00000	0.000000	1	0	1	105
971	0.10560	0.000108	0.00000	0.000000	1	0	1	108
970	0.10560	0.000108	0.00000	0.000000	1	0	1	108
97	0.10560	0.000108	0.00000	0.000000	1	0	1	108
969	0.10560	0.000108	0.00000	0.000000	1	0	1	108
968	0.10560	0.000108	0.00000	0.000000	1	0	1	108
967	0.10560	0.000108	0.00000	0.000000	1	0	1	108
966	0.10560	0.000108	0.00000	0.000000	1	0	1	108
965	0.10560	0.000108	0.00000	0.000000	1	0	1	108
964	0.10560	0.000108	0.00000	0.000000	1	0	1	108
963	0.10560	0.000108	0.00000	0.000000	1	0	1	108
962	0.10560	0.000108	0.00000	0.000000	1	0	1	108
961	0.10560	0.000108	0.00000	0.000000	1	0	1	108
960	0.10560	0.000108	0.00000	0.000000	1	0	1	108
96	0.10560	0.000108	0.00000	0.000000	1	0	1	108
959	0.10560	0.000107	0.00000	0.000000	1	0	1	107
958	0.10560	0.000108	0.00000	0.000000	1	0	1	108
957	0.10560	0.000108	0.00000	0.000000	1	0	1	108
956	0.10560	0.000108	0.00000	0.000000	1	0	1	108
954	0.10560	0.000108	0.00000	0.000000	1	0	1	108
953	0.10560	0.000108	0.00000	0.000000	1	0	1	108
952	0.10560	0.000108	0.00000	0.000000	1	0	1	108
951	0.10560	0.000108	0.00000	0.000000	1	0	1	108
950	0.10560	0.000108	0.00000	0.000000	1	0	1	108
95	0.10560	0.000108	0.00000	0.000000	1	0	1	108
949	0.10560	0.000108	0.00000	0.000000	1	0	1	108
948	0.10560	0.000108	0.00000	0.000000	1	0	1	108
947	0.10560	0.000108	0.00000	0.000000	1	0	1	108
946	0.10560	0.000108	0.00000	0.000000	1	0	1	108
945	0.10560	0.000108	0.00000	0.000000	1	0	1	108
944	0.10560	0.000108	0.00000	0.000000	1	0	1	108
943	0.10560	0.000108	0.00000	0.000000	1	0	1	108
942	0.10560	0.000108	0.00000	0.000000	1	0	1	108
941	0.10560	0.000107	0.00000	0.000000	1	0	1	107
940	0.10560	0.000108	0.00000	0.000000	1	0	1	108
94	0.10560	0.000108	0.00000	0.000000	1	0	1	108
939	0.10560	0.000108	0.00000	0.000000	1	0	1	108
938	0.10560	0.000108	0.00000	0.000000	1	0	1	108
937	0.10560	0.000108	0.00000	0.000000	1	0	1	108
936	0.10560	0.000108	0.00000	0.000000	1	0	1	108
935	0.10560	0.000106	0.00000	0.000000	1	0	1	106
934	0.10560	0.000094	0.00000	0.000000	1	0	1	94
933	0.10560	0.000108	0.00000	0.000000	1	0	1	108
932	0.10560	0.000108	0.00000	0.000000	1	0	1	108
931	0.10560	0.000108	0.00000	0.000000	1	0	1	108
930	0.10560	0.000108	0.00000	0.000000	1	0	1	108
93	0.10560	0.000108	0.00000	0.000000	1	0	1	108
929	0.10560	0.000108	0.00000	0.000000	1	0	1	108
928	0.10560	0.000108	0.00000	0.000000	1	0	1	108
927	0.10560	0.000108	0.00000	0.000000	1	0	1	108
926	0.10560	0.000108	0.00000	0.000000	1	0	1	108
925	0.10560	0.000108	0.00000	0.000000	1	0	1	108
923	0.10560	0.000107	0.00000	0.000000	1	0	1	107
922	0.10560	0.000108	0.00000	0.000000	1	0	1	108
921	0.10560	0.000108	0.00000	0.000000	1	0	1	108
920	0.10560	0.000108	0.00000	0.000000	1	0	1	108
92	0.10560	0.000108	0.00000	0.000000	1	0	1	108
919	0.10560	0.000108	0.00000	0.000000	1	0	1	108
918	0.10560	0.000108	0.00000	0.000000	1	0	1	108
917	0.10560	0.000108	0.00000	0.000000	1	0	1	108
916	0.10560	0.000108	0.00000	0.000000	1	0	1	108
915	0.10560	0.000108	0.00000	0.000000	1	0	1	108
914	0.10560	0.000108	0.00000	0.000000	1	0	1	108
913	0.10560	0.000107	0.00000	0.000000	1	0	1	107
912	0.10560	0.000108	0.00000	0.000000	1	0	1	108
911	0.10560	0.000108	0.00000	0.000000	1	0	1	108
910	0.10560	0.000108	0.00000	0.000000	1	0	1	108
91	0.10560	0.000108	0.00000	0.000000	1	0	1	108
909	0.10560	0.000108	0.00000	0.000000	1	0	1	108
908	0.10560	0.000108	0.00000	0.000000	1	0	1	108
907	0.10560	0.000108	0.00000	0.000000	1	0	1	108
906	0.10560	0.000108	0.00000	0.000000	1	0	1	108
905	0.10560	0.000108	0.00000	0.000000	1	0	1	108
904	0.10560	0.000108	0.00000	0.000000	1	0	1	108
903	0.10560	0.000108	0.00000	0.000000	1	0	1	108
902	0.10560	0.000108	0.00000	0.000000	1	0	1	108
901	0.10560	0.000108	0.00000	0.000000	1	0	1	108
900	0.10560	0.000108	0.00000	0.000000	1	0	1	108
90	0.10560	0.000108	0.00000	0.000000	1	0	1	108
9	0.10560	0.000108	0.00000	0.000000	1	0	1	108
899	0.10560	0.000108	0.00000	0.000000	1	0	1	108
897	0.10560	0.000108	0.00000	0.000000	1	0	1	108
896	0.10560	0.000108	0.00000	0.000000	1	0	1	108
895	0.10560	0.000108	0.00000	0.000000	1	0	1	108
894	0.10560	0.000108	0.00000	0.000000	1	0	1	108
893	0.10560	0.000108	0.00000	0.000000	1	0	1	108
892	0.10560	0.000108	0.00000	0.000000	1	0	1	108
891	0.10560	0.000108	0.00000	0.000000	1	0	1	108
890	0.10560	0.000108	0.00000	0.000000	1	0	1	108
89	0.10560	0.000108	0.00000	0.000000	1	0	1	108
889	0.10560	0.000108	0.00000	0.000000	1	0	1	108
887	0.10560	0.000108	0.00000	0.000000	1	0	1	108
886	0.10560	0.000108	0.00000	0.000000	1	0	1	108
885	0.10560	0.000108	0.00000	0.000000	1	0	1	108
884	0.10560	0.000108	0.00000	0.000000	1	0	1	108
883	0.10560	0.000108	0.00000	0.000000	1	0	1	108
882	0.10560	0.000108	0.00000	0.000000	1	0	1	108
881	0.10560	0.000108	0.00000	0.000000	1	0	1	108
880	0.10560	0.000108	0.00000	0.000000	1	0	1	108
88	0.10560	0.000108	0.00000	0.000000	1	0	1	108
879	0.10560	0.000108	0.00000	0.000000	1	0	1	108
878	0.10560	0.000106	0.00000	0.000000	1	0	1	106
877	0.10560	0.000108	0.00000	0.000000	1	0	1	108
876	0.10560	0.000108	0.00000	0.000000	1	0	1	108
875	0.10560	0.000108	0.00000	0.000000	1	0	1	108
874	0.10560	0.000108	0.00000	0.000000	1	0	1	108
872	0.10560	0.000108	0.00000	0.000000	1	0	1	108
871	0.10560	0.000108	0.00000	0.000000	1	0	1	108
870	0.10560	0.000108	0.00000	0.000000	1	0	1	108
87	0.10560	0.000108	0.00000	0.000000	1	0	1	108
869	0.10560	0.000108	0.00000	0.000000	1	0	1	108
868	0.10560	0.000108	0.00000	0.000000	1	0	1	108
867	0.10560	0.000108	0.00000	0.000000	1	0	1	108
866	0.10560	0.000108	0.00000	0.000000	1	0	1	108
865	0.10560	0.000108	0.00000	0.000000	1	0	1	108
864	0.10560	0.000108	0.00000	0.000000	1	0	1	108
863	0.10560	0.000104	0.00000	0.000000	1	0	1	104
862	0.10560	0.000108	0.00000	0.000000	1	0	1	108
861	0.10560	0.000108	0.00000	0.000000	1	0	1	108
860	0.10560	0.000108	0.00000	0.000000	1	0	1	108
86	0.10560	0.000108	0.00000	0.000000	1	0	1	108
859	0.10560	0.000108	0.00000	0.000000	1	0	1	108
858	0.10560	0.000108	0.00000	0.000000	1	0	1	108
857	0.10560	0.000108	0.00000	0.000000	1	0	1	108
856	0.10560	0.000108	0.00000	0.000000	1	0	1	108
855	0.10560	0.000108	0.00000	0.000000	1	0	1	108
854	0.10560	0.000108	0.00000	0.000000	1	0	1	108
853	0.10560	0.000108	0.00000	0.000000	1	0	1	108
852	0.10560	0.000107	0.00000	0.000000	1	0	1	107
851	0.10560	0.000108	0.00000	0.000000	1	0	1	108
850	0.10560	0.000108	0.00000	0.000000	1	0	1	108
85	0.10560	0.000107	0.00000	0.000000	1	0	1	107
849	0.10560	0.000108	0.00000	0.000000	1	0	1	108
848	0.10560	0.000108	0.00000	0.000000	1	0	1	108
847	0.10560	0.000108	0.00000	0.000000	1	0	1	108
846	0.10560	0.000107	0.00000	0.000000	1	0	1	107
845	0.10560	0.000108	0.00000	0.000000	1	0	1	108
844	0.10560	0.000107	0.00000	0.000000	1	0	1	107
843	0.10560	0.000108	0.00000	0.000000	1	0	1	108
842	0.10560	0.000108	0.00000	0.000000	1	0	1	108
841	0.10560	0.000108	0.00000	0.000000	1	0	1	108
84	0.10560	0.000108	0.00000	0.000000	1	0	1	108
839	0.10560	0.000108	0.00000	0.000000	1	0	1	108
838	0.10560	0.000108	0.00000	0.000000	1	0	1	108
837	0.10560	0.000108	0.00000	0.000000	1	0	1	108
836	0.10560	0.000108	0.00000	0.000000	1	0	1	108
835	0.10560	0.000108	0.00000	0.000000	1	0	1	108
834	0.10560	0.000108	0.00000	0.000000	1	0	1	108
833	0.10560	0.000108	0.00000	0.000000	1	0	1	108
832	0.10560	0.000108	0.00000	0.000000	1	0	1	108
831	0.10560	0.000105	0.00000	0.000000	1	0	1	105
830	0.10560	0.000108	0.00000	0.000000	1	0	1	108
83	0.10560	0.000108	0.00000	0.000000	1	0	1	108
829	0.10560	0.000108	0.00000	0.000000	1	0	1	108
828	0.10560	0.000107	0.00000	0.000000	1	0	1	107
826	0.10560	0.000108	0.00000	0.000000	1	0	1	108
825	0.10560	0.000108	0.00000	0.000000	1	0	1	108
823	0.10560	0.000108	0.00000	0.000000	1	0	1	108
822	0.10560	0.000108	0.00000	0.000000	1	0	1	108
821	0.10560	0.000108	0.00000	0.000000	1	0	1	108
820	0.10560	0.000103	0.00000	0.000000	1	0	1	103
82	0.10560	0.000108	0.00000	0.000000	1	0	1	108
819	0.10560	0.000107	0.00000	0.000000	1	0	1	107
818	0.10560	0.000108	0.00000	0.000000	1	0	1	108
816	0.10560	0.000108	0.00000	0.000000	1	0	1	108
815	0.10560	0.000108	0.00000	0.000000	1	0	1	108
814	0.10560	0.000108	0.00000	0.000000	1	0	1	108
813	0.10560	0.000108	0.00000	0.000000	1	0	1	108
812	0.10560	0.000108	0.00000	0.000000	1	0	1	108
811	0.10560	0.000108	0.00000	0.000000	1	0	1	108
810	0.10560	0.000108	0.00000	0.000000	1	0	1	108
81	0.10560	0.000108	0.00000	0.000000	1	0	1	108
809	0.10560	0.000108	0.00000	0.000000	1	0	1	108
808	0.10560	0.000108	0.00000	0.000000	1	0	1	108
807	0.10560	0.000108	0.00000	0.000000	1	0	1	108
806	0.10560	0.000106	0.00000	0.000000	1	0	1	106
805	0.10560	0.000108	0.00000	0.000000	1	0	1	108
804	0.10560	0.000108	0.00000	0.000000	1	0	1	108
803	0.10560	0.000107	0.00000	0.000000	1	0	1	107
802	0.10560	0.000108	0.00000	0.000000	1	0	1	108
801	0.10560	0.000105	0.00000	0.000000	1	0	1	105
800	0.10560	0.000108	0.00000	0.000000	1	0	1	108
80	0.10560	0.000108	0.00000	0.000000	1	0	1	108
8	0.10560	0.000108	0.00000	0.000000	1	0	1	108
799	0.10560	0.000108	0.00000	0.000000	1	0	1	108
798	0.10560	0.000108	0.00000	0.000000	1	0	1	108
797	0.10560	0.000108	0.00000	0.000000	1	0	1	108
796	0.10560	0.000106	0.00000	0.000000	1	0	1	106
795	0.10560	0.000108	0.00000	0.000000	1	0	1	108
794	0.10560	0.000108	0.00000	0.000000	1	0	1	108
793	0.10560	0.000108	0.00000	0.000000	1	0	1	108
792	0.10560	0.000108	0.00000	0.000000	1	0	1	108
791	0.10560	0.000108	0.00000	0.000000	1	0	1	108
790	0.10560	0.000108	0.00000	0.000000	1	0	1	108
79	0.10560	0.000103	0.00000	0.000000	1	0	1	103
789	0.10560	0.000108	0.00000	0.000000	1	0	1	108
788	0.10560	0.000108	0.00000	0.000000	1	0	1	108
787	0.10560	0.000108	0.00000	0.000000	1	0	1	108
786	0.10560	0.000108	0.00000	0.000000	1	0	1	108
785	0.10560	0.000108	0.00000	0.000000	1	0	1	108
784	0.10560	0.000108	0.00000	0.000000	1	0	1	108
783	0.10560	0.000108	0.00000	0.000000	1	0	1	108
782	0.10560	0.000108	0.00000	0.000000	1	0	1	108
781	0.10560	0.000108	0.00000	0.000000	1	0	1	108
780	0.10560	0.000107	0.00000	0.000000	1	0	1	107
78	0.10560	0.000108	0.00000	0.000000	1	0	1	108
779	0.10560	0.000108	0.00000	0.000000	1	0	1	108
778	0.10560	0.000108	0.00000	0.000000	1	0	1	108
777	0.10560	0.000108	0.00000	0.000000	1	0	1	108
776	0.10560	0.000108	0.00000	0.000000	1	0	1	108
775	0.10560	0.000108	0.00000	0.000000	1	0	1	108
774	0.10560	0.000108	0.00000	0.000000	1	0	1	108
773	0.10560	0.000108	0.00000	0.000000	1	0	1	108
772	0.10560	0.000108	0.00000	0.000000	1	0	1	108
771	0.10560	0.000108	0.00000	0.000000	1	0	1	108
770	0.10560	0.000108	0.00000	0.000000	1	0	1	108
77	0.10560	0.000108	0.00000	0.000000	1	0	1	108
769	0.10560	0.000108	0.00000	0.000000	1	0	1	108
768	0.10560	0.000108	0.00000	0.000000	1	0	1	108
767	0.10560	0.000108	0.00000	0.000000	1	0	1	108
765	0.10560	0.000108	0.00000	0.000000	1	0	1	108
763	0.10560	0.000108	0.00000	0.000000	1	0	1	108
762	0.10560	0.000108	0.00000	0.000000	1	0	1	108
761	0.10560	0.000108	0.00000	0.000000	1	0	1	108
760	0.10560	0.000108	0.00000	0.000000	1	0	1	108
76	0.10560	0.000108	0.00000	0.000000	1	0	1	108
759	0.10560	0.000108	0.00000	0.000000	1	0	1	108
758	0.10560	0.000108	0.00000	0.000000	1	0	1	108
757	0.10560	0.000108	0.00000	0.000000	1	0	1	108
756	0.10560	0.000108	0.00000	0.000000	1	0	1	108
755	0.10560	0.000108	0.00000	0.000000	1	0	1	108
754	0.10560	0.000108	0.00000	0.000000	1	0	1	108
753	0.10560	0.000107	0.00000	0.000000	1	0	1	107
752	0.10560	0.000108	0.00000	0.000000	1	0	1	108
751	0.10560	0.000108	0.00000	0.000000	1	0	1	108
750	0.10560	0.000108	0.00000	0.000000	1	0	1	108
75	0.10560	0.000108	0.00000	0.000000	1	0	1	108
749	0.10560	0.000108	0.00000	0.000000	1	0	1	108
748	0.10560	0.000108	0.00000	0.000000	1	0	1	108
747	0.10560	0.000108	0.00000	0.000000	1	0	1	108
746	0.10560	0.000107	0.00000	0.000000	1	0	1	107
745	0.10560	0.000108	0.00000	0.000000	1	0	1	108
743	0.10560	0.000108	0.00000	0.000000	1	0	1	108
741	0.10560	0.000108	0.00000	0.000000	1	0	1	108
740	0.10560	0.000108	0.00000	0.000000	1	0	1	108
74	0.10560	0.000108	0.00000	0.000000	1	0	1	108
739	0.10560	0.000108	0.00000	0.000000	1	0	1	108
738	0.10560	0.000108	0.00000	0.000000	1	0	1	108
737	0.10560	0.000107	0.00000	0.000000	1	0	1	107
736	0.10560	0.000108	0.00000	0.000000	1	0	1	108
735	0.10560	0.000108	0.00000	0.000000	1	0	1	108
734	0.10560	0.000108	0.00000	0.000000	1	0	1	108
733	0.10560	0.000108	0.00000	0.000000	1	0	1	108
732	0.10560	0.000108	0.00000	0.000000	1	0	1	108
731	0.10560	0.000108	0.00000	0.000000	1	0	1	108
730	0.10560	0.000108	0.00000	0.000000	1	0	1	108
73	0.10560	0.000108	0.00000	0.000000	1	0	1	108
729	0.10560	0.000108	0.00000	0.000000	1	0	1	108
728	0.10560	0.000108	0.00000	0.000000	1	0	1	108
727	0.10560	0.000108	0.00000	0.000000	1	0	1	108
726	0.10560	0.000108	0.00000	0.000000	1	0	1	108
725	0.10560	0.000108	0.00000	0.000000	1	0	1	108
724	0.10560	0.000108	0.00000	0.000000	1	0	1	108
723	0.10560	0.000108	0.00000	0.000000	1	0	1	108
722	0.10560	0.000108	0.00000	0.000000	1	0	1	108
721	0.10560	0.000108	0.00000	0.000000	1	0	1	108
72	0.10560	0.000108	0.00000	0.000000	1	0	1	108
719	0.10560	0.000108	0.00000	0.000000	1	0	1	108
718	0.10560	0.000108	0.00000	0.000000	1	0	1	108
717	0.10560	0.000108	0.00000	0.000000	1	0	1	108
715	0.10560	0.000108	0.00000	0.000000	1	0	1	108
714	0.10560	0.000108	0.00000	0.000000	1	0	1	108
713	0.10560	0.000108	0.00000	0.000000	1	0	1	108
712	0.10560	0.000108	0.00000	0.000000	1	0	1	108
711	0.10560	0.000106	0.00000	0.000000	1	0	1	106
710	0.10560	0.000108	0.00000	0.000000	1	0	1	108
71	0.10560	0.000108	0.00000	0.000000	1	0	1	108
709	0.10560	0.000108	0.00000	0.000000	1	0	1	108
708	0.10560	0.000108	0.00000	0.000000	1	0	1	108
705	0.10560	0.000108	0.00000	0.000000	1	0	1	108
704	0.10560	0.000107	0.00000	0.000000	1	0	1	107
703	0.10560	0.000108	0.00000	0.000000	1	0	1	108
702	0.10560	0.000108	0.00000	0.000000	1	0	1	108
701	0.10560	0.000108	0.00000	0.000000	1	0	1	108
700	0.10560	0.000108	0.00000	0.000000	1	0	1	108
70	0.10560	0.000108	0.00000	0.000000	1	0	1	108
7	0.10560	0.000108	0.00000	0.000000	1	0	1	108
699	0.10560	0.000108	0.00000	0.000000	1	0	1	108
698	0.10560	0.000108	0.00000	0.000000	1	0	1	108
697	0.10560	0.000108	0.00000	0.000000	1	0	1	108
695	0.10560	0.000108	0.00000	0.000000	1	0	1	108
694	0.10560	0.000108	0.00000	0.000000	1	0	1	108
693	0.10560	0.000108	0.00000	0.000000	1	0	1	108
692	0.10560	0.000108	0.00000	0.000000	1	0	1	108
691	0.10560	0.000108	0.00000	0.000000	1	0	1	108
690	0.10560	0.000108	0.00000	0.000000	1	0	1	108
69	0.10560	0.000108	0.00000	0.000000	1	0	1	108
689	0.10560	0.000108	0.00000	0.000000	1	0	1	108
688	0.10560	0.000108	0.00000	0.000000	1	0	1	108
687	0.10560	0.000108	0.00000	0.000000	1	0	1	108
686	0.10560	0.000108	0.00000	0.000000	1	0	1	108
685	0.10560	0.000108	0.00000	0.000000	1	0	1	108
684	0.10560	0.000108	0.00000	0.000000	1	0	1	108
683	0.10560	0.000108	0.00000	0.000000	1	0	1	108
682	0.10560	0.000108	0.00000	0.000000	1	0	1	108
681	0.10560	0.000102	0.00000	0.000000	1	0	1	102
680	0.10560	0.000108	0.00000	0.000000	1	0	1	108
68	0.10560	0.000108	0.00000	0.000000	1	0	1	108
679	0.10560	0.000108	0.00000	0.000000	1	0	1	108
678	0.10560	0.000108	0.00000	0.000000	1	0	1	108
677	0.10560	0.000106	0.00000	0.000000	1	0	1	106
676	0.10560	0.000108	0.00000	0.000000	1	0	1	108
675	0.10560	0.000100	0.00000	0.000000	1	0	1	100
674	0.10560	0.000108	0.00000	0.000000	1	0	1	108
673	0.10560	0.000108	0.00000	0.000000	1	0	1	108
672	0.10560	0.000108	0.00000	0.000000	1	0	1	108
671	0.10560	0.000108	0.00000	0.000000	1	0	1	108
670	0.10560	0.000108	0.00000	0.000000	1	0	1	108
67	0.10560	0.000108	0.00000	0.000000	1	0	1	108
669	0.10560	0.000108	0.00000	0.000000	1	0	1	108
668	0.10560	0.000108	0.00000	0.000000	1	0	1	108
667	0.10560	0.000107	0.00000	0.000000	1	0	1	107
665	0.10560	0.000108	0.00000	0.000000	1	0	1	108
664	0.10560	0.000108	0.00000	0.000000	1	0	1	108
663	0.10560	0.000108	0.00000	0.000000	1	0	1	108
662	0.10560	0.000108	0.00000	0.000000	1	0	1	108
660	0.10560	0.000108	0.00000	0.000000	1	0	1	108
66	0.10560	0.000108	0.00000	0.000000	1	0	1	108
659	0.10560	0.000108	0.00000	0.000000	1	0	1	108
658	0.10560	0.000108	0.00000	0.000000	1	0	1	108
657	0.10560	0.000108	0.00000	0.000000	1	0	1	108
656	0.10560	0.000108	0.00000	0.000000	1	0	1	108
655	0.10560	0.000108	0.00000	0.000000	1	0	1	108
654	0.10560	0.000108	0.00000	0.000000	1	0	1	108
653	0.10560	0.000108	0.00000	0.000000	1	0	1	108
652	0.10560	0.000108	0.00000	0.000000	1	0	1	108
651	0.10560	0.000108	0.00000	0.000000	1	0	1	108
650	0.10560	0.000108	0.00000	0.000000	1	0	1	108
65	0.10560	0.000108	0.00000	0.000000	1	0	1	108
648	0.10560	0.000108	0.00000	0.000000	1	0	1	108
647	0.10560	0.000108	0.00000	0.000000	1	0	1	108
646	0.10560	0.000108	0.00000	0.000000	1	0	1	108
645	0.10560	0.000108	0.00000	0.000000	1	0	1	108
644	0.10560	0.000106	0.00000	0.000000	1	0	1	106
643	0.10560	0.000108	0.00000	0.000000	1	0	1	108
642	0.10560	0.000108	0.00000	0.000000	1	0	1	108
641	0.10560	0.000108	0.00000	0.000000	1	0	1	108
640	0.10560	0.000108	0.00000	0.000000	1	0	1	108
64	0.10560	0.000108	0.00000	0.000000	1	0	1	108
639	0.10560	0.000108	0.00000	0.000000	1	0	1	108
638	0.10560	0.000108	0.00000	0.000000	1	0	1	108
637	0.10560	0.000105	0.00000	0.000000	1	0	1	105
636	0.10560	0.000108	0.00000	0.000000	1	0	1	108
635	0.10560	0.000108	0.00000	0.000000	1	0	1	108
634	0.10560	0.000108	0.00000	0.000000	1	0	1	108
633	0.10560	0.000108	0.00000	0.000000	1	0	1	108
632	0.10560	0.000108	0.00000	0.000000	1	0	1	108
630	0.10560	0.000108	0.00000	0.000000	1	0	1	108
63	0.10560	0.000108	0.00000	0.000000	1	0	1	108
629	0.10560	0.000108	0.00000	0.000000	1	0	1	108
628	0.10560	0.000108	0.00000	0.000000	1	0	1	108
627	0.10560	0.000107	0.00000	0.000000	1	0	1	107
626	0.10560	0.000108	0.00000	0.000000	1	0	1	108
625	0.10560	0.000108	0.00000	0.000000	1	0	1	108
624	0.10560	0.000108	0.00000	0.000000	1	0	1	108
623	0.10560	0.000108	0.00000	0.000000	1	0	1	108
622	0.10560	0.000108	0.00000	0.000000	1	0	1	108
621	0.10560	0.000108	0.00000	0.000000	1	0	1	108
620	0.10560	0.000108	0.00000	0.000000	1	0	1	108
62	0.10560	0.000108	0.00000	0.000000	1	0	1	108
619	0.10560	0.000108	0.00000	0.000000	1	0	1	108
618	0.10560	0.000108	0.00000	0.000000	1	0	1	108
617	0.10560	0.000108	0.00000	0.000000	1	0	1	108
616	0.10560	0.000108	0.00000	0.000000	1	0	1	108
615	0.10560	0.000108	0.00000	0.000000	1	0	1	108
614	0.10560	0.000107	0.00000	0.000000	1	0	1	107
613	0.10560	0.000108	0.00000	0.000000	1	0	1	108
612	0.10560	0.000108	0.00000	0.000000	1	0	1	108
611	0.10560	0.000108	0.00000	0.000000	1	0	1	108
610	0.10560	0.000108	0.00000	0.000000	1	0	1	108
61	0.10560	0.000108	0.00000	0.000000	1	0	1	108
609	0.10560	0.000108	0.00000	0.000000	1	0	1	108
608	0.10560	0.000108	0.00000	0.000000	1	0	1	108
607	0.10560	0.000108	0.00000	0.000000	1	0	1	108
606	0.10560	0.000108	0.00000	0.000000	1	0	1	108
605	0.10560	0.000108	0.00000	0.000000	1	0	1	108
604	0.10560	0.000108	0.00000	0.000000	1	0	1	108
603	0.10560	0.000108	0.00000	0.000000	1	0	1	108
601	0.10560	0.000108	0.00000	0.000000	1	0	1	108
600	0.10560	0.000108	0.00000	0.000000	1	0	1	108
60	0.10560	0.000108	0.00000	0.000000	1	0	1	108
6	0.10560	0.000108	0.00000	0.000000	1	0	1	108
599	0.10560	0.000108	0.00000	0.000000	1	0	1	108
598	0.10560	0.000108	0.00000	0.000000	1	0	1	108
597	0.10560	0.000108	0.00000	0.000000	1	0	1	108
596	0.10560	0.000108	0.00000	0.000000	1	0	1	108
595	0.10560	0.000108	0.00000	0.000000	1	0	1	108
594	0.10560	0.000108	0.00000	0.000000	1	0	1	108
593	0.10560	0.000108	0.00000	0.000000	1	0	1	108
592	0.10560	0.000108	0.00000	0.000000	1	0	1	108
591	0.10560	0.000108	0.00000	0.000000	1	0	1	108
590	0.10560	0.000108	0.00000	0.000000	1	0	1	108
59	0.10560	0.000108	0.00000	0.000000	1	0	1	108
589	0.10560	0.000108	0.00000	0.000000	1	0	1	108
588	0.10560	0.000108	0.00000	0.000000	1	0	1	108
587	0.10560	0.000108	0.00000	0.000000	1	0	1	108
586	0.10560	0.000108	0.00000	0.000000	1	0	1	108
585	0.10560	0.000108	0.00000	0.000000	1	0	1	108
584	0.10560	0.000108	0.00000	0.000000	1	0	1	108
583	0.10560	0.000105	0.00000	0.000000	1	0	1	105
582	0.10560	0.000108	0.00000	0.000000	1	0	1	108
581	0.10560	0.000108	0.00000	0.000000	1	0	1	108
580	0.10560	0.000108	0.00000	0.000000	1	0	1	108
58	0.10560	0.000108	0.00000	0.000000	1	0	1	108
579	0.10560	0.000108	0.00000	0.000000	1	0	1	108
578	0.10560	0.000108	0.00000	0.000000	1	0	1	108
576	0.10560	0.000108	0.00000	0.000000	1	0	1	108
575	0.10560	0.000108	0.00000	0.000000	1	0	1	108
574	0.10560	0.000108	0.00000	0.000000	1	0	1	108
573	0.10560	0.000108	0.00000	0.000000	1	0	1	108
572	0.10560	0.000108	0.00000	0.000000	1	0	1	108
571	0.10560	0.000108	0.00000	0.000000	1	0	1	108
570	0.10560	0.000108	0.00000	0.000000	1	0	1	108
569	0.10560	0.000108	0.00000	0.000000	1	0	1	108
568	0.10560	0.000108	0.00000	0.000000	1	0	1	108
567	0.10560	0.000108	0.00000	0.000000	1	0	1	108
566	0.10560	0.000108	0.00000	0.000000	1	0	1	108
565	0.10560	0.000108	0.00000	0.000000	1	0	1	108
564	0.10560	0.000108	0.00000	0.000000	1	0	1	108
563	0.10560	0.000108	0.00000	0.000000	1	0	1	108
562	0.10560	0.000108	0.00000	0.000000	1	0	1	108
561	0.10560	0.000108	0.00000	0.000000	1	0	1	108
560	0.10560	0.000108	0.00000	0.000000	1	0	1	108
56	0.10560	0.000107	0.00000	0.000000	1	0	1	107
559	0.10560	0.000108	0.00000	0.000000	1	0	1	108
558	0.10560	0.000108	0.00000	0.000000	1	0	1	108
557	0.10560	0.000108	0.00000	0.000000	1	0	1	108
556	0.10560	0.000108	0.00000	0.000000	1	0	1	108
555	0.10560	0.000106	0.00000	0.000000	1	0	1	106
554	0.10560	0.000108	0.00000	0.000000	1	0	1	108
553	0.10560	0.000108	0.00000	0.000000	1	0	1	108
552	0.10560	0.000108	0.00000	0.000000	1	0	1	108
551	0.10560	0.000108	0.00000	0.000000	1	0	1	108
550	0.10560	0.000108	0.00000	0.000000	1	0	1	108
55	0.10560	0.000108	0.00000	0.000000	1	0	1	108
548	0.10560	0.000108	0.00000	0.000000	1	0	1	108
547	0.10560	0.000108	0.00000	0.000000	1	0	1	108
546	0.10560	0.000108	0.00000	0.000000	1	0	1	108
545	0.10560	0.000108	0.00000	0.000000	1	0	1	108
544	0.10560	0.000108	0.00000	0.000000	1	0	1	108
543	0.10560	0.000108	0.00000	0.000000	1	0	1	108
542	0.10560	0.000108	0.00000	0.000000	1	0	1	108
541	0.10560	0.000106	0.00000	0.000000	1	0	1	106
540	0.10560	0.000108	0.00000	0.000000	1	0	1	108
54	0.10560	0.000108	0.00000	0.000000	1	0	1	108
539	0.10560	0.000108	0.00000	0.000000	1	0	1	108
538	0.10560	0.000103	0.00000	0.000000	1	0	1	103
536	0.10560	0.000108	0.00000	0.000000	1	0	1	108
535	0.10560	0.000108	0.00000	0.000000	1	0	1	108
534	0.10560	0.000108	0.00000	0.000000	1	0	1	108
533	0.10560	0.000108	0.00000	0.000000	1	0	1	108
532	0.10560	0.000108	0.00000	0.000000	1	0	1	108
531	0.10560	0.000108	0.00000	0.000000	1	0	1	108
530	0.10560	0.000108	0.00000	0.000000	1	0	1	108
53	0.10560	0.000108	0.00000	0.000000	1	0	1	108
529	0.10560	0.000107	0.00000	0.000000	1	0	1	107
528	0.10560	0.000108	0.00000	0.000000	1	0	1	108
527	0.10560	0.000108	0.00000	0.000000	1	0	1	108
526	0.10560	0.000108	0.00000	0.000000	1	0	1	108
525	0.10560	0.000108	0.00000	0.000000	1	0	1	108
524	0.10560	0.000108	0.00000	0.000000	1	0	1	108
522	0.10560	0.000108	0.00000	0.000000	1	0	1	108
521	0.10560	0.000108	0.00000	0.000000	1	0	1	108
520	0.10560	0.000108	0.00000	0.000000	1	0	1	108
52	0.10560	0.000108	0.00000	0.000000	1	0	1	108
519	0.10560	0.000108	0.00000	0.000000	1	0	1	108
518	0.10560	0.000108	0.00000	0.000000	1	0	1	108
517	0.10560	0.000108	0.00000	0.000000	1	0	1	108
516	0.10560	0.000108	0.00000	0.000000	1	0	1	108
515	0.10560	0.000108	0.00000	0.000000	1	0	1	108
514	0.10560	0.000108	0.00000	0.000000	1	0	1	108
513	0.10560	0.000108	0.00000	0.000000	1	0	1	108
512	0.10560	0.000108	0.00000	0.000000	1	0	1	108
511	0.10560	0.000108	0.00000	0.000000	1	0	1	108
510	0.10560	0.000108	0.00000	0.000000	1	0	1	108
51	0.10560	0.000108	0.00000	0.000000	1	0	1	108
509	0.10560	0.000108	0.00000	0.000000	1	0	1	108
508	0.10560	0.000108	0.00000	0.000000	1	0	1	108
506	0.10560	0.000108	0.00000	0.000000	1	0	1	108
505	0.10560	0.000108	0.00000	0.000000	1	0	1	108
504	0.10560	0.000108	0.00000	0.000000	1	0	1	108
503	0.10560	0.000108	0.00000	0.000000	1	0	1	108
502	0.10560	0.000104	0.00000	0.000000	1	0	1	104
501	0.10560	0.000108	0.00000	0.000000	1	0	1	108
500	0.10560	0.000108	0.00000	0.000000	1	0	1	108
50	0.10560	0.000108	0.00000	0.000000	1	0	1	108
5	0.10560	0.000108	0.00000	0.000000	1	0	1	108
499	0.10560	0.000108	0.00000	0.000000	1	0	1	108
498	0.10560	0.000108	0.00000	0.000000	1	0	1	108
497	0.10560	0.000108	0.00000	0.000000	1	0	1	108
496	0.10560	0.000107	0.00000	0.000000	1	0	1	107
495	0.10560	0.000108	0.00000	0.000000	1	0	1	108
494	0.10560	0.000108	0.00000	0.000000	1	0	1	108
493	0.10560	0.000108	0.00000	0.000000	1	0	1	108
492	0.10560	0.000108	0.00000	0.000000	1	0	1	108
491	0.10560	0.000107	0.00000	0.000000	1	0	1	107
490	0.10560	0.000108	0.00000	0.000000	1	0	1	108
49	0.10560	0.000108	0.00000	0.000000	1	0	1	108
489	0.10560	0.000107	0.00000	0.000000	1	0	1	107
488	0.10560	0.000106	0.00000	0.000000	1	0	1	106
487	0.10560	0.000108	0.00000	0.000000	1	0	1	108
486	0.10560	0.000108	0.00000	0.000000	1	0	1	108
485	0.10560	0.000108	0.00000	0.000000	1	0	1	108
483	0.10560	0.000105	0.00000	0.000000	1	0	1	105
482	0.10560	0.000108	0.00000	0.000000	1	0	1	108
481	0.10560	0.000108	0.00000	0.000000	1	0	1	108
480	0.10560	0.000108	0.00000	0.000000	1	0	1	108
48	0.10560	0.000108	0.00000	0.000000	1	0	1	108
479	0.10560	0.000108	0.00000	0.000000	1	0	1	108
478	0.10560	0.000108	0.00000	0.000000	1	0	1	108
477	0.10560	0.000104	0.00000	0.000000	1	0	1	104
476	0.10560	0.000108	0.00000	0.000000	1	0	1	108
475	0.10560	0.000108	0.00000	0.000000	1	0	1	108
474	0.10560	0.000108	0.00000	0.000000	1	0	1	108
473	0.10560	0.000108	0.00000	0.000000	1	0	1	108
471	0.10560	0.000106	0.00000	0.000000	1	0	1	106
470	0.10560	0.000108	0.00000	0.000000	1	0	1	108
47	0.10560	0.000108	0.00000	0.000000	1	0	1	108
469	0.10560	0.000108	0.00000	0.000000	1	0	1	108
468	0.10560	0.000108	0.00000	0.000000	1	0	1	108
467	0.10560	0.000107	0.00000	0.000000	1	0	1	107
466	0.10560	0.000108	0.00000	0.000000	1	0	1	108
465	0.10560	0.000108	0.00000	0.000000	1	0	1	108
464	0.10560	0.000108	0.00000	0.000000	1	0	1	108
463	0.10560	0.000108	0.00000	0.000000	1	0	1	108
462	0.10560	0.000108	0.00000	0.000000	1	0	1	108
461	0.10560	0.000108	0.00000	0.000000	1	0	1	108
460	0.10560	0.000108	0.00000	0.000000	1	0	1	108
46	0.10560	0.000108	0.00000	0.000000	1	0	1	108
459	0.10560	0.000108	0.00000	0.000000	1	0	1	108
458	0.10560	0.000108	0.00000	0.000000	1	0	1	108
457	0.10560	0.000106	0.00000	0.000000	1	0	1	106
456	0.10560	0.000108	0.00000	0.000000	1	0	1	108
455	0.10560	0.000108	0.00000	0.000000	1	0	1	108
454	0.10560	0.000108	0.00000	0.000000	1	0	1	108
453	0.10560	0.000108	0.00000	0.000000	1	0	1	108
452	0.10560	0.000108	0.00000	0.000000	1	0	1	108
451	0.10560	0.000107	0.00000	0.000000	1	0	1	107
450	0.10560	0.000108	0.00000	0.000000	1	0	1	108
45	0.10560	0.000107	0.00000	0.000000	1	0	1	107
449	0.10560	0.000108	0.00000	0.000000	1	0	1	108
448	0.10560	0.000108	0.00000	0.000000	1	0	1	108
447	0.10560	0.000108	0.00000	0.000000	1	0	1	108
446	0.10560	0.000108	0.00000	0.000000	1	0	1	108
445	0.10560	0.000108	0.00000	0.000000	1	0	1	108
444	0.10560	0.000108	0.00000	0.000000	1	0	1	108
443	0.10560	0.000108	0.00000	0.000000	1	0	1	108
442	0.10560	0.000108	0.00000	0.000000	1	0	1	108
441	0.10560	0.000108	0.00000	0.000000	1	0	1	108
440	0.10560	0.000108	0.00000	0.000000	1	0	1	108
44	0.10560	0.000108	0.00000	0.000000	1	0	1	108
439	0.10560	0.000108	0.00000	0.000000	1	0	1	108
438	0.10560	0.000108	0.00000	0.000000	1	0	1	108
437	0.10560	0.000108	0.00000	0.000000	1	0	1	108
436	0.10560	0.000108	0.00000	0.000000	1	0	1	108
434	0.10560	0.000108	0.00000	0.000000	1	0	1	108
433	0.10560	0.000108	0.00000	0.000000	1	0	1	108
432	0.10560	0.000108	0.00000	0.000000	1	0	1	108
431	0.10560	0.000108	0.00000	0.000000	1	0	1	108
430	0.10560	0.000108	0.00000	0.000000	1	0	1	108
43	0.10560	0.000108	0.00000	0.000000	1	0	1	108
429	0.10560	0.000108	0.00000	0.000000	1	0	1	108
428	0.10560	0.000108	0.00000	0.000000	1	0	1	108
427	0.10560	0.000108	0.00000	0.000000	1	0	1	108
426	0.10560	0.000108	0.00000	0.000000	1	0	1	108
425	0.10560	0.000108	0.00000	0.000000	1	0	1	108
424	0.10560	0.000108	0.00000	0.000000	1	0	1	108
423	0.10560	0.000108	0.00000	0.000000	1	0	1	108
422	0.10560	0.000108	0.00000	0.000000	1	0	1	108
421	0.10560	0.000108	0.00000	0.000000	1	0	1	108
420	0.10560	0.000108	0.00000	0.000000	1	0	1	108
42	0.10560	0.000108	0.00000	0.000000	1	0	1	108
419	0.10560	0.000108	0.00000	0.000000	1	0	1	108
418	0.10560	0.000108	0.00000	0.000000	1	0	1	108
417	0.10560	0.000104	0.00000	0.000000	1	0	1	104
416	0.10560	0.000108	0.00000	0.000000	1	0	1	108
415	0.10560	0.000108	0.00000	0.000000	1	0	1	108
414	0.10560	0.000108	0.00000	0.000000	1	0	1	108
413	0.10560	0.000101	0.00000	0.000000	1	0	1	101
412	0.10560	0.000108	0.00000	0.000000	1	0	1	108
411	0.10560	0.000108	0.00000	0.000000	1	0	1	108
410	0.10560	0.000105	0.00000	0.000000	1	0	1	105
41	0.10560	0.000108	0.00000	0.000000	1	0	1	108
409	0.10560	0.000108	0.00000	0.000000	1	0	1	108
408	0.10560	0.000107	0.00000	0.000000	1	0	1	107
407	0.10560	0.000108	0.00000	0.000000	1	0	1	108
406	0.10560	0.000108	0.00000	0.000000	1	0	1	108
405	0.10560	0.000108	0.00000	0.000000	1	0	1	108
404	0.10560	0.000108	0.00000	0.000000	1	0	1	108
403	0.10560	0.000108	0.00000	0.000000	1	0	1	108
402	0.10560	0.000108	0.00000	0.000000	1	0	1	108
401	0.10560	0.000107	0.00000	0.000000	1	0	1	107
400	0.10560	0.000108	0.00000	0.000000	1	0	1	108
40	0.10560	0.000108	0.00000	0.000000	1	0	1	108
4	0.10560	0.000108	0.00000	0.000000	1	0	1	108
399	0.10560	0.000108	0.00000	0.000000	1	0	1	108
398	0.10560	0.000105	0.00000	0.000000	1	0	1	105
397	0.10560	0.000108	0.00000	0.000000	1	0	1	108
396	0.10560	0.000108	0.00000	0.000000	1	0	1	108
395	0.10560	0.000108	0.00000	0.000000	1	0	1	108
394	0.10560	0.000108	0.00000	0.000000	1	0	1	108
393	0.10560	0.000108	0.00000	0.000000	1	0	1	108
392	0.10560	0.000108	0.00000	0.000000	1	0	1	108
391	0.10560	0.000108	0.00000	0.000000	1	0	1	108
390	0.10560	0.000108	0.00000	0.000000	1	0	1	108
39	0.10560	0.000108	0.00000	0.000000	1	0	1	108
389	0.10560	0.000108	0.00000	0.000000	1	0	1	108
388	0.10560	0.000108	0.00000	0.000000	1	0	1	108
387	0.10560	0.000108	0.00000	0.000000	1	0	1	108
386	0.10560	0.000108	0.00000	0.000000	1	0	1	108
385	0.10560	0.000108	0.00000	0.000000	1	0	1	108
384	0.10560	0.000108	0.00000	0.000000	1	0	1	108
383	0.10560	0.000108	0.00000	0.000000	1	0	1	108
382	0.10560	0.000108	0.00000	0.000000	1	0	1	108
381	0.10560	0.000108	0.00000	0.000000	1	0	1	108
38	0.10560	0.000108	0.00000	0.000000	1	0	1	108
379	0.10560	0.000108	0.00000	0.000000	1	0	1	108
378	0.10560	0.000108	0.00000	0.000000	1	0	1	108
376	0.10560	0.000097	0.00000	0.000000	1	0	1	97
374	0.10560	0.000108	0.00000	0.000000	1	0	1	108
373	0.10560	0.000108	0.00000	0.000000	1	0	1	108
372	0.10560	0.000108	0.00000	0.000000	1	0	1	108
371	0.10560	0.000108	0.00000	0.000000	1	0	1	108
370	0.10560	0.000108	0.00000	0.000000	1	0	1	108
37	0.10560	0.000108	0.00000	0.000000	1	0	1	108
369	0.10560	0.000108	0.00000	0.000000	1	0	1	108
368	0.10560	0.000108	0.00000	0.000000	1	0	1	108
367	0.10560	0.000108	0.00000	0.000000	1	0	1	108
366	0.10560	0.000108	0.00000	0.000000	1	0	1	108
365	0.10560	0.000108	0.00000	0.000000	1	0	1	108
364	0.10560	0.000108	0.00000	0.000000	1	0	1	108
363	0.10560	0.000108	0.00000	0.000000	1	0	1	108
361	0.10560	0.000103	0.00000	0.000000	1	0	1	103
360	0.10560	0.000108	0.00000	0.000000	1	0	1	108
36	0.10560	0.000108	0.00000	0.000000	1	0	1	108
359	0.10560	0.000105	0.00000	0.000000	1	0	1	105
358	0.10560	0.000108	0.00000	0.000000	1	0	1	108
357	0.10560	0.000108	0.00000	0.000000	1	0	1	108
356	0.10560	0.000108	0.00000	0.000000	1	0	1	108
355	0.10560	0.000108	0.00000	0.000000	1	0	1	108
354	0.10560	0.000108	0.00000	0.000000	1	0	1	108
353	0.10560	0.000108	0.00000	0.000000	1	0	1	108
352	0.10560	0.000108	0.00000	0.000000	1	0	1	108
351	0.10560	0.000108	0.00000	0.000000	1	0	1	108
35	0.10560	0.000108	0.00000	0.000000	1	0	1	108
349	0.10560	0.000108	0.00000	0.000000	1	0	1	108
348	0.10560	0.000108	0.00000	0.000000	1	0	1	108
347	0.10560	0.000108	0.00000	0.000000	1	0	1	108
346	0.10560	0.000108	0.00000	0.000000	1	0	1	108
345	0.10560	0.000108	0.00000	0.000000	1	0	1	108
343	0.10560	0.000108	0.00000	0.000000	1	0	1	108
342	0.10560	0.000108	0.00000	0.000000	1	0	1	108
341	0.10560	0.000108	0.00000	0.000000	1	0	1	108
340	0.10560	0.000108	0.00000	0.000000	1	0	1	108
34	0.10560	0.000108	0.00000	0.000000	1	0	1	108
339	0.10560	0.000108	0.00000	0.000000	1	0	1	108
338	0.10560	0.000108	0.00000	0.000000	1	0	1	108
337	0.10560	0.000108	0.00000	0.000000	1	0	1	108
336	0.10560	0.000108	0.00000	0.000000	1	0	1	108
335	0.10560	0.000107	0.00000	0.000000	1	0	1	107
334	0.10560	0.000108	0.00000	0.000000	1	0	1	108
333	0.10560	0.000108	0.00000	0.000000	1	0	1	108
332	0.10560	0.000108	0.00000	0.000000	1	0	1	108
331	0.10560	0.000108	0.00000	0.000000	1	0	1	108
330	0.10560	0.000108	0.00000	0.000000	1	0	1	108
33	0.10560	0.000108	0.00000	0.000000	1	0	1	108
329	0.10560	0.000108	0.00000	0.000000	1	0	1	108
328	0.10560	0.000108	0.00000	0.000000	1	0	1	108
327	0.10560	0.000108	0.00000	0.000000	1	0	1	108
326	0.10560	0.000108	0.00000	0.000000	1	0	1	108
324	0.10560	0.000108	0.00000	0.000000	1	0	1	108
323	0.10560	0.000108	0.00000	0.000000	1	0	1	108
322	0.10560	0.000108	0.00000	0.000000	1	0	1	108
321	0.10560	0.000108	0.00000	0.000000	1	0	1	108
320	0.10560	0.000108	0.00000	0.000000	1	0	1	108
32	0.10560	0.000108	0.00000	0.000000	1	0	1	108
319	0.10560	0.000108	0.00000	0.000000	1	0	1	108
318	0.10560	0.000108	0.00000	0.000000	1	0	1	108
317	0.10560	0.000108	0.00000	0.000000	1	0	1	108
316	0.10560	0.000108	0.00000	0.000000	1	0	1	108
315	0.10560	0.000108	0.00000	0.000000	1	0	1	108
314	0.10560	0.000108	0.00000	0.000000	1	0	1	108
313	0.10560	0.000108	0.00000	0.000000	1	0	1	108
312	0.10560	0.000108	0.00000	0.000000	1	0	1	108
311	0.10560	0.000108	0.00000	0.000000	1	0	1	108
310	0.10560	0.000108	0.00000	0.000000	1	0	1	108
31	0.10560	0.000108	0.00000	0.000000	1	0	1	108
309	0.10560	0.000106	0.00000	0.000000	1	0	1	106
308	0.10560	0.000108	0.00000	0.000000	1	0	1	108
307	0.10560	0.000108	0.00000	0.000000	1	0	1	108
306	0.10560	0.000108	0.00000	0.000000	1	0	1	108
305	0.10560	0.000105	0.00000	0.000000	1	0	1	105
304	0.10560	0.000108	0.00000	0.000000	1	0	1	108
303	0.10560	0.000108	0.00000	0.000000	1	0	1	108
302	0.10560	0.000108	0.00000	0.000000	1	0	1	108
301	0.10560	0.000108	0.00000	0.000000	1	0	1	108
300	0.10560	0.000108	0.00000	0.000000	1	0	1	108
30	0.10560	0.000108	0.00000	0.000000	1	0	1	108
3	0.10560	0.000108	0.00000	0.000000	1	0	1	108
299	0.10560	0.000108	0.00000	0.000000	1	0	1	108
298	0.10560	0.000108	0.00000	0.000000	1	0	1	108
297	0.10560	0.000108	0.00000	0.000000	1	0	1	108
296	0.10560	0.000108	0.00000	0.000000	1	0	1	108
295	0.10560	0.000108	0.00000	0.000000	1	0	1	108
294	0.10560	0.000108	0.00000	0.000000	1	0	1	108
293	0.10560	0.000108	0.00000	0.000000	1	0	1	108
292	0.10560	0.000107	0.00000	0.000000	1	0	1	107
291	0.10560	0.000108	0.00000	0.000000	1	0	1	108
290	0.10560	0.000108	0.00000	0.000000	1	0	1	108
29	0.10560	0.000108	0.00000	0.000000	1	0	1	108
289	0.10560	0.000108	0.00000	0.000000	1	0	1	108
287	0.10560	0.000108	0.00000	0.000000	1	0	1	108
286	0.10560	0.000107	0.00000	0.000000	1	0	1	107
285	0.10560	0.000108	0.00000	0.000000	1	0	1	108
284	0.10560	0.000108	0.00000	0.000000	1	0	1	108
283	0.10560	0.000108	0.00000	0.000000	1	0	1	108
282	0.10560	0.000108	0.00000	0.000000	1	0	1	108
28	0.10560	0.000108	0.00000	0.000000	1	0	1	108
279	0.10560	0.000108	0.00000	0.000000	1	0	1	108
278	0.10560	0.000108	0.00000	0.000000	1	0	1	108
276	0.10560	0.000107	0.00000	0.000000	1	0	1	107
275	0.10560	0.000108	0.00000	0.000000	1	0	1	108
274	0.10560	0.000108	0.00000	0.000000	1	0	1	108
273	0.10560	0.000108	0.00000	0.000000	1	0	1	108
272	0.10560	0.000108	0.00000	0.000000	1	0	1	108
271	0.10560	0.000108	0.00000	0.000000	1	0	1	108
270	0.10560	0.000108	0.00000	0.000000	1	0	1	108
27	0.10560	0.000108	0.00000	0.000000	1	0	1	108
269	0.10560	0.000107	0.00000	0.000000	1	0	1	107
268	0.10560	0.000108	0.00000	0.000000	1	0	1	108
267	0.10560	0.000108	0.00000	0.000000	1	0	1	108
266	0.10560	0.000108	0.00000	0.000000	1	0	1	108
265	0.10560	0.000108	0.00000	0.000000	1	0	1	108
264	0.10560	0.000108	0.00000	0.000000	1	0	1	108
263	0.10560	0.000108	0.00000	0.000000	1	0	1	108
262	0.10560	0.000108	0.00000	0.000000	1	0	1	108
261	0.10560	0.000108	0.00000	0.000000	1	0	1	108
260	0.10560	0.000108	0.00000	0.000000	1	0	1	108
26	0.10560	0.000108	0.00000	0.000000	1	0	1	108
259	0.10560	0.000108	0.00000	0.000000	1	0	1	108
258	0.10560	0.000108	0.00000	0.000000	1	0	1	108
257	0.10560	0.000108	0.00000	0.000000	1	0	1	108
256	0.10560	0.000108	0.00000	0.000000	1	0	1	108
255	0.10560	0.000108	0.00000	0.000000	1	0	1	108
254	0.10560	0.000108	0.00000	0.000000	1	0	1	108
253	0.10560	0.000108	0.00000	0.000000	1	0	1	108
252	0.10560	0.000108	0.00000	0.000000	1	0	1	108
251	0.10560	0.000108	0.00000	0.000000	1	0	1	108
250	0.10560	0.000108	0.00000	0.000000	1	0	1	108
25	0.10560	0.000106	0.00000	0.000000	1	0	1	106
249	0.10560	0.000108	0.00000	0.000000	1	0	1	108
248	0.10560	0.000108	0.00000	0.000000	1	0	1	108
247	0.10560	0.000108	0.00000	0.000000	1	0	1	108
246	0.10560	0.000108	0.00000	0.000000	1	0	1	108
245	0.10560	0.000108	0.00000	0.000000	1	0	1	108
244	0.10560	0.000108	0.00000	0.000000	1	0	1	108
243	0.10560	0.000108	0.00000	0.000000	1	0	1	108
242	0.10560	0.000107	0.00000	0.000000	1	0	1	107
241	0.10560	0.000108	0.00000	0.000000	1	0	1	108
240	0.10560	0.000108	0.00000	0.000000	1	0	1	108
239	0.10560	0.000108	0.00000	0.000000	1	0	1	108
238	0.10560	0.000108	0.00000	0.000000	1	0	1	108
237	0.10560	0.000108	0.00000	0.000000	1	0	1	108
236	0.10560	0.000108	0.00000	0.000000	1	0	1	108
235	0.10560	0.000108	0.00000	0.000000	1	0	1	108
234	0.10560	0.000108	0.00000	0.000000	1	0	1	108
233	0.10560	0.000108	0.00000	0.000000	1	0	1	108
232	0.10560	0.000108	0.00000	0.000000	1	0	1	108
231	0.10560	0.000108	0.00000	0.000000	1	0	1	108
230	0.10560	0.000107	0.00000	0.000000	1	0	1	107
23	0.10560	0.000108	0.00000	0.000000	1	0	1	108
229	0.10560	0.000108	0.00000	0.000000	1	0	1	108
228	0.10560	0.000108	0.00000	0.000000	1	0	1	108
227	0.10560	0.000107	0.00000	0.000000	1	0	1	107
226	0.10560	0.000107	0.00000	0.000000	1	0	1	107
225	0.10560	0.000108	0.00000	0.000000	1	0	1	108
224	0.10560	0.000108	0.00000	0.000000	1	0	1	108
223	0.10560	0.000108	0.00000	0.000000	1	0	1	108
222	0.10560	0.000108	0.00000	0.000000	1	0	1	108
221	0.10560	0.000108	0.00000	0.000000	1	0	1	108
220	0.10560	0.000108	0.00000	0.000000	1	0	1	108
22	0.10560	0.000108	0.00000	0.000000	1	0	1	108
219	0.10560	0.000108	0.00000	0.000000	1	0	1	108
218	0.10560	0.000108	0.00000	0.000000	1	0	1	108
217	0.10560	0.000108	0.00000	0.000000	1	0	1	108
215	0.10560	0.000108	0.00000	0.000000	1	0	1	108
214	0.10560	0.000108	0.00000	0.000000	1	0	1	108
213	0.10560	0.000108	0.00000	0.000000	1	0	1	108
212	0.10560	0.000108	0.00000	0.000000	1	0	1	108
211	0.10560	0.000108	0.00000	0.000000	1	0	1	108
210	0.10560	0.000108	0.00000	0.000000	1	0	1	108
21	0.10560	0.000108	0.00000	0.000000	1	0	1	108
209	0.10560	0.000108	0.00000	0.000000	1	0	1	108
208	0.10560	0.000108	0.00000	0.000000	1	0	1	108
206	0.10560	0.000108	0.00000	0.000000	1	0	1	108
205	0.10560	0.000108	0.00000	0.000000	1	0	1	108
204	0.10560	0.000108	0.00000	0.000000	1	0	1	108
203	0.10560	0.000108	0.00000	0.000000	1	0	1	108
202	0.10560	0.000108	0.00000	0.000000	1	0	1	108
200	0.10560	0.000108	0.00000	0.000000	1	0	1	108
20	0.10560	0.000108	0.00000	0.000000	1	0	1	108
2	0.10560	0.000098	0.00000	0.000000	1	0	1	98
199	0.10560	0.000108	0.00000	0.000000	1	0	1	108
198	0.10560	0.000107	0.00000	0.000000	1	0	1	107
197	0.10560	0.000108	0.00000	0.000000	1	0	1	108
196	0.10560	0.000108	0.00000	0.000000	1	0	1	108
195	0.10560	0.000108	0.00000	0.000000	1	0	1	108
194	0.10560	0.000108	0.00000	0.000000	1	0	1	108
193	0.10560	0.000108	0.00000	0.000000	1	0	1	108
192	0.10560	0.000108	0.00000	0.000000	1	0	1	108
191	0.10560	0.000108	0.00000	0.000000	1	0	1	108
190	0.10560	0.000108	0.00000	0.000000	1	0	1	108
19	0.10560	0.000108	0.00000	0.000000	1	0	1	108
189	0.10560	0.000108	0.00000	0.000000	1	0	1	108
188	0.10560	0.000108	0.00000	0.000000	1	0	1	108
187	0.10560	0.000108	0.00000	0.000000	1	0	1	108
186	0.10560	0.000108	0.00000	0.000000	1	0	1	108
185	0.10560	0.000108	0.00000	0.000000	1	0	1	108
184	0.10560	0.000108	0.00000	0.000000	1	0	1	108
183	0.10560	0.000108	0.00000	0.000000	1	0	1	108
182	0.10560	0.000108	0.00000	0.000000	1	0	1	108
181	0.10560	0.000108	0.00000	0.000000	1	0	1	108
180	0.10560	0.000108	0.00000	0.000000	1	0	1	108
18	0.10560	0.000108	0.00000	0.000000	1	0	1	108
179	0.10560	0.000108	0.00000	0.000000	1	0	1	108
178	0.10560	0.000108	0.00000	0.000000	1	0	1	108
177	0.10560	0.000108	0.00000	0.000000	1	0	1	108
176	0.10560	0.000106	0.00000	0.000000	1	0	1	106
175	0.10560	0.000107	0.00000	0.000000	1	0	1	107
174	0.10560	0.000108	0.00000	0.000000	1	0	1	108
173	0.10560	0.000108	0.00000	0.000000	1	0	1	108
172	0.10560	0.000108	0.00000	0.000000	1	0	1	108
171	0.10560	0.000108	0.00000	0.000000	1	0	1	108
170	0.10560	0.000108	0.00000	0.000000	1	0	1	108
17	0.10560	0.000108	0.00000	0.000000	1	0	1	108
169	0.10560	0.000107	0.00000	0.000000	1	0	1	107
168	0.10560	0.000108	0.00000	0.000000	1	0	1	108
167	0.10560	0.000108	0.00000	0.000000	1	0	1	108
166	0.10560	0.000108	0.00000	0.000000	1	0	1	108
164	0.10560	0.000108	0.00000	0.000000	1	0	1	108
163	0.10560	0.000108	0.00000	0.000000	1	0	1	108
162	0.10560	0.000108	0.00000	0.000000	1	0	1	108
161	0.10560	0.000108	0.00000	0.000000	1	0	1	108
160	0.10560	0.000108	0.00000	0.000000	1	0	1	108
16	0.10560	0.000108	0.00000	0.000000	1	0	1	108
159	0.10560	0.000108	0.00000	0.000000	1	0	1	108
158	0.10560	0.000108	0.00000	0.000000	1	0	1	108
157	0.10560	0.000108	0.00000	0.000000	1	0	1	108
156	0.10560	0.000108	0.00000	0.000000	1	0	1	108
155	0.10560	0.000108	0.00000	0.000000	1	0	1	108
154	0.10560	0.000106	0.00000	0.000000	1	0	1	106
152	0.10560	0.000108	0.00000	0.000000	1	0	1	108
150	0.10560	0.000108	0.00000	0.000000	1	0	1	108
15	0.10560	0.000108	0.00000	0.000000	1	0	1	108
149	0.10560	0.000108	0.00000	0.000000	1	0	1	108
148	0.10560	0.000108	0.00000	0.000000	1	0	1	108
147	0.10560	0.000108	0.00000	0.000000	1	0	1	108
146	0.10560	0.000108	0.00000	0.000000	1	0	1	108
145	0.10560	0.000107	0.00000	0.000000	1	0	1	107
144	0.10560	0.000107	0.00000	0.000000	1	0	1	107
143	0.10560	0.000108	0.00000	0.000000	1	0	1	108
142	0.10560	0.000108	0.00000	0.000000	1	0	1	108
141	0.10560	0.000108	0.00000	0.000000	1	0	1	108
140	0.10560	0.000108	0.00000	0.000000	1	0	1	108
14	0.10560	0.000108	0.00000	0.000000	1	0	1	108
139	0.10560	0.000108	0.00000	0.000000	1	0	1	108
138	0.10560	0.000108	0.00000	0.000000	1	0	1	108
137	0.10560	0.000108	0.00000	0.000000	1	0	1	108
136	0.10560	0.000107	0.00000	0.000000	1	0	1	107
135	0.10560	0.000108	0.00000	0.000000	1	0	1	108
134	0.10560	0.000108	0.00000	0.000000	1	0	1	108
133	0.10560	0.000108	0.00000	0.000000	1	0	1	108
132	0.10560	0.000108	0.00000	0.000000	1	0	1	108
131	0.10560	0.000108	0.00000	0.000000	1	0	1	108
130	0.10560	0.000108	0.00000	0.000000	1	0	1	108
13	0.10560	0.000108	0.00000	0.000000	1	0	1	108
129	0.10560	0.000108	0.00000	0.000000	1	0	1	108
128	0.10560	0.000108	0.00000	0.000000	1	0	1	108
127	0.10560	0.000106	0.00000	0.000000	1	0	1	106
126	0.10560	0.000108	0.00000	0.000000	1	0	1	108
125	0.10560	0.000108	0.00000	0.000000	1	0	1	108
124	0.10560	0.000108	0.00000	0.000000	1	0	1	108
123	0.10560	0.000108	0.00000	0.000000	1	0	1	108
122	0.10560	0.000108	0.00000	0.000000	1	0	1	108
121	0.10560	0.000108	0.00000	0.000000	1	0	1	108
120	0.10560	0.000108	0.00000	0.000000	1	0	1	108
12	0.10560	0.000108	0.00000	0.000000	1	0	1	108
119	0.10560	0.000107	0.00000	0.000000	1	0	1	107
118	0.10560	0.000108	0.00000	0.000000	1	0	1	108
117	0.10560	0.000105	0.00000	0.000000	1	0	1	105
116	0.10560	0.000108	0.00000	0.000000	1	0	1	108
115	0.10560	0.000108	0.00000	0.000000	1	0	1	108
114	0.10560	0.000108	0.00000	0.000000	1	0	1	108
113	0.10560	0.000108	0.00000	0.000000	1	0	1	108
112	0.10560	0.000108	0.00000	0.000000	1	0	1	108
111	0.10560	0.000108	0.00000	0.000000	1	0	1	108
110	0.10560	0.000108	0.00000	0.000000	1	0	1	108
11	0.10560	0.000107	0.00000	0.000000	1	0	1	107
109	0.10560	0.000107	0.00000	0.000000	1	0	1	107
108	0.10560	0.000108	0.00000	0.000000	1	0	1	108
107	0.10560	0.000108	0.00000	0.000000	1	0	1	108
106	0.10560	0.000107	0.00000	0.000000	1	0	1	107
105	0.10560	0.000108	0.00000	0.000000	1	0	1	108
104	0.10560	0.000108	0.00000	0.000000	1	0	1	108
103	0.10560	0.000106	0.00000	0.000000	1	0	1	106
102	0.10560	0.000108	0.00000	0.000000	1	0	1	108
101	0.10560	0.000108	0.00000	0.000000	1	0	1	108
1000	0.10560	0.000108	0.00000	0.000000	1	0	1	108
100	0.10560	0.000108	0.00000	0.000000	1	0	1	108
10	0.10560	0.000108	0.00000	0.000000	1	0	1	108
1	0.10560	0.000108	0.00000	0.000000	1	0	1	108
