read_id,ref_id,read_direction,read_number,len_ref,len_ref_aligned,len_read,len_read_windowed,len_read_aligned,distance_aligned,similarity_aligned,category
read201,717,1,1,108,108,108,108,108,0,1.0,mapped_high
read202,718,1,1,108,108,108,108,108,0,1.0,mapped_high
read203,719,1,1,108,108,108,108,108,0,1.0,mapped_high
read204,720,1,1,108,108,108,108,108,0,1.0,mapped_high
read205,721,1,1,108,108,108,108,108,0,1.0,mapped_high
read206,722,1,1,108,108,108,108,108,0,1.0,mapped_high
read207,723,1,1,108,108,108,108,108,0,1.0,mapped_high
read208,724,1,1,108,108,108,108,108,0,1.0,mapped_high
read209,725,1,1,108,108,108,108,108,0,1.0,mapped_high
read210,726,1,1,108,108,108,108,108,0,1.0,mapped_high
read211,727,1,1,108,108,108,108,108,0,1.0,mapped_high
read212,728,1,1,108,108,108,108,108,0,1.0,mapped_high
read213,729,1,1,108,108,108,108,108,0,1.0,mapped_high
read214,730,1,1,108,108,108,108,108,0,1.0,mapped_high
read215,731,1,1,108,108,108,108,108,0,1.0,mapped_high
read216,732,1,1,108,108,108,108,108,0,1.0,mapped_high
read217,733,1,1,108,108,108,108,108,0,1.0,mapped_high
read218,734,1,1,108,108,108,108,108,0,1.0,mapped_high
read219,735,1,1,108,108,108,108,108,0,1.0,mapped_high
read220,736,1,1,108,108,108,108,108,0,1.0,mapped_high
read221,737,1,1,108,108,108,108,108,0,1.0,mapped_high
read222,738,1,1,108,108,108,108,108,0,1.0,mapped_high
read223,739,1,1,108,108,108,108,108,0,1.0,mapped_high
read224,740,1,1,108,108,108,108,108,0,1.0,mapped_high
read225,741,1,1,108,108,108,108,108,0,1.0,mapped_high
read226,742,1,1,108,108,108,108,108,0,1.0,mapped_high
read227,743,1,1,108,108,108,108,108,0,1.0,mapped_high
read228,744,1,1,108,108,108,108,108,0,1.0,mapped_high
read229,745,1,1,108,108,108,108,108,0,1.0,mapped_high
read230,746,1,1,108,108,108,108,108,0,1.0,mapped_high
read231,747,1,1,108,108,108,108,108,0,1.0,mapped_high
read232,748,1,1,108,108,108,108,108,0,1.0,mapped_high
read233,749,1,1,108,108,108,108,108,0,1.0,mapped_high
read234,750,1,1,108,108,108,108,108,0,1.0,mapped_high
read235,751,1,1,108,108,108,108,108,0,1.0,mapped_high
read236,752,1,1,108,108,108,108,108,0,1.0,mapped_high
read237,753,1,1,108,108,108,108,108,0,1.0,mapped_high
read238,754,1,1,108,108,108,108,108,0,1.0,mapped_high
read239,755,1,1,108,108,108,108,108,0,1.0,mapped_high
read240,756,1,1,108,108,108,108,108,0,1.0,mapped_high
read241,757,1,1,108,108,108,108,108,0,1.0,mapped_high
read242,758,1,1,108,108,108,108,108,0,1.0,mapped_high
read243,759,1,1,108,108,108,108,108,0,1.0,mapped_high
read244,760,1,1,108,108,108,108,108,0,1.0,mapped_high
read245,761,1,1,108,108,108,108,108,0,1.0,mapped_high
read246,762,1,1,108,108,108,108,108,0,1.0,mapped_high
read247,763,1,1,108,108,108,108,108,1,0.9907407407407407,mapped_high
read248,764,1,1,108,108,108,108,108,0,1.0,mapped_high
read249,765,1,1,108,108,108,108,108,0,1.0,mapped_high
read250,766,1,1,108,108,108,108,108,0,1.0,mapped_high
read251,767,1,1,108,108,108,108,108,0,1.0,mapped_high
read252,1000,1,1,108,108,108,108,108,0,1.0,mapped_high
read253,1,1,1,108,108,108,108,108,0,1.0,mapped_high
read254,2,1,1,108,108,108,108,108,0,1.0,mapped_high
read255,3,1,1,108,108,108,108,108,0,1.0,mapped_high
read256,4,1,1,108,108,108,108,108,0,1.0,mapped_high
read257,5,1,1,108,108,108,108,108,0,1.0,mapped_high
read258,6,1,1,108,108,108,108,108,0,1.0,mapped_high
read259,7,1,1,108,108,108,108,108,0,1.0,mapped_high
read260,8,1,1,108,108,108,108,108,0,1.0,mapped_high
read261,9,1,1,108,108,108,108,108,0,1.0,mapped_high
read262,10,1,1,108,108,108,108,108,0,1.0,mapped_high
read263,11,1,1,108,108,108,108,108,0,1.0,mapped_high
read264,12,1,1,108,108,108,108,108,0,1.0,mapped_high
read265,13,1,1,108,108,108,108,108,0,1.0,mapped_high
read266,14,1,1,108,108,108,108,108,0,1.0,mapped_high
read267,15,1,1,108,108,108,108,108,0,1.0,mapped_high
read268,16,1,1,108,108,108,108,108,0,1.0,mapped_high
read269,17,1,1,108,108,108,108,108,0,1.0,mapped_high
read270,18,1,1,108,108,108,108,108,0,1.0,mapped_high
read271,19,1,1,108,108,108,108,108,0,1.0,mapped_high
read272,20,1,1,108,108,108,108,108,0,1.0,mapped_high
read273,21,1,1,108,108,108,108,108,0,1.0,mapped_high
read274,22,1,1,108,108,108,108,108,0,1.0,mapped_high
read275,23,1,1,108,108,108,108,108,0,1.0,mapped_high
read276,24,1,1,108,108,108,108,108,0,1.0,mapped_high
read277,25,1,1,108,108,108,108,108,0,1.0,mapped_high
read278,26,1,1,108,108,108,108,108,0,1.0,mapped_high
read279,27,1,1,108,108,108,108,108,0,1.0,mapped_high
read280,28,1,1,108,108,108,108,108,0,1.0,mapped_high
read281,29,1,1,108,108,108,108,108,0,1.0,mapped_high
read282,30,1,1,108,108,108,108,108,0,1.0,mapped_high
read283,31,1,1,108,108,108,108,108,0,1.0,mapped_high
read284,32,1,1,108,108,108,108,108,0,1.0,mapped_high
read285,33,1,1,108,108,108,108,108,0,1.0,mapped_high
read286,34,1,1,108,108,108,108,108,0,1.0,mapped_high
read287,35,1,1,108,108,108,108,108,0,1.0,mapped_high
read288,36,1,1,108,108,108,108,108,0,1.0,mapped_high
read289,37,1,1,108,108,108,108,108,0,1.0,mapped_high
read290,38,1,1,108,108,108,108,108,0,1.0,mapped_high
read291,39,1,1,108,108,108,108,108,0,1.0,mapped_high
read292,40,1,1,108,108,108,108,108,0,1.0,mapped_high
read293,41,1,1,108,108,108,108,108,0,1.0,mapped_high
read294,42,1,1,108,108,108,108,108,0,1.0,mapped_high
read295,43,1,1,108,108,108,108,108,0,1.0,mapped_high
read296,44,1,1,108,108,108,108,108,0,1.0,mapped_high
read297,45,1,1,108,108,108,108,108,0,1.0,mapped_high
read298,46,1,1,108,108,108,108,108,0,1.0,mapped_high
read299,47,1,1,108,108,108,108,108,0,1.0,mapped_high
read300,48,1,1,108,108,108,108,108,0,1.0,mapped_high
read301,49,1,1,108,108,108,108,108,0,1.0,mapped_high
read302,50,1,1,108,108,108,108,108,0,1.0,mapped_high
read303,51,1,1,108,108,108,108,108,0,1.0,mapped_high
read304,52,1,1,108,108,108,108,108,0,1.0,mapped_high
read305,53,1,1,108,108,108,108,108,0,1.0,mapped_high
read306,54,1,1,108,108,108,108,108,0,1.0,mapped_high
read307,55,1,1,108,108,108,108,108,0,1.0,mapped_high
read308,56,1,1,108,108,108,108,108,0,1.0,mapped_high
read309,57,1,1,108,108,108,108,108,0,1.0,mapped_high
read310,58,1,1,108,108,108,108,108,0,1.0,mapped_high
read311,59,1,1,108,108,108,108,108,0,1.0,mapped_high
read312,60,1,1,108,108,108,108,108,0,1.0,mapped_high
read313,61,1,1,108,108,108,108,108,0,1.0,mapped_high
read314,62,1,1,108,108,108,108,108,0,1.0,mapped_high
read315,63,1,1,108,108,108,108,108,0,1.0,mapped_high
read316,64,1,1,108,108,108,108,108,0,1.0,mapped_high
read317,65,1,1,108,108,108,108,108,0,1.0,mapped_high
read318,66,1,1,108,108,108,108,108,0,1.0,mapped_high
read319,67,1,1,108,108,108,108,108,0,1.0,mapped_high
read320,68,1,1,108,108,108,108,108,0,1.0,mapped_high
read321,69,1,1,108,108,108,108,108,0,1.0,mapped_high
read322,70,1,1,108,108,108,108,108,0,1.0,mapped_high
read323,71,1,1,108,108,108,108,108,0,1.0,mapped_high
read324,72,1,1,108,108,108,108,108,0,1.0,mapped_high
read325,73,1,1,108,108,108,108,108,0,1.0,mapped_high
read326,74,1,1,108,108,108,108,108,0,1.0,mapped_high
read327,75,1,1,108,108,108,108,108,0,1.0,mapped_high
read328,76,1,1,108,108,108,108,108,0,1.0,mapped_high
read329,77,1,1,108,108,108,108,108,0,1.0,mapped_high
read330,78,1,1,108,108,108,108,108,0,1.0,mapped_high
read331,79,1,1,108,108,108,108,108,0,1.0,mapped_high
read332,80,1,1,108,108,108,108,108,0,1.0,mapped_high
read333,81,1,1,108,108,108,108,108,0,1.0,mapped_high
read334,82,1,1,108,108,108,108,108,0,1.0,mapped_high
read335,83,1,1,108,108,108,108,108,0,1.0,mapped_high
read336,84,1,1,108,108,108,108,108,0,1.0,mapped_high
read337,85,1,1,108,108,108,108,108,0,1.0,mapped_high
read338,86,1,1,108,108,108,108,108,0,1.0,mapped_high
read339,87,1,1,108,108,108,108,108,0,1.0,mapped_high
read340,88,1,1,108,108,108,108,108,0,1.0,mapped_high
read341,89,1,1,108,108,108,108,108,0,1.0,mapped_high
read342,90,1,1,108,108,108,108,108,0,1.0,mapped_high
read343,91,1,1,108,108,108,108,108,0,1.0,mapped_high
read344,92,1,1,108,108,108,108,108,0,1.0,mapped_high
read345,93,1,1,108,108,108,108,108,0,1.0,mapped_high
read346,94,1,1,108,108,108,108,108,0,1.0,mapped_high
read347,95,1,1,108,108,108,108,108,0,1.0,mapped_high
read348,96,1,1,108,108,108,108,108,0,1.0,mapped_high
read349,97,1,1,108,108,108,108,108,0,1.0,mapped_high
read350,98,1,1,108,108,108,108,108,0,1.0,mapped_high
read351,99,1,1,108,108,108,108,108,0,1.0,mapped_high
read352,100,1,1,108,108,108,108,108,0,1.0,mapped_high
read353,101,1,1,108,108,108,108,108,0,1.0,mapped_high
read354,102,1,1,108,108,108,108,108,0,1.0,mapped_high
read355,103,1,1,108,108,108,108,108,0,1.0,mapped_high
read356,104,1,1,108,108,108,108,108,0,1.0,mapped_high
read357,105,1,1,108,108,108,108,108,0,1.0,mapped_high
read358,106,1,1,108,108,108,108,108,0,1.0,mapped_high
read359,107,1,1,108,108,108,108,108,0,1.0,mapped_high
read360,108,1,1,108,108,108,108,108,0,1.0,mapped_high
read361,109,1,1,108,108,108,108,108,0,1.0,mapped_high
read362,110,1,1,108,108,108,108,108,0,1.0,mapped_high
read363,111,1,1,108,108,108,108,108,1,0.9907407407407407,mapped_high
read364,112,1,1,108,108,108,108,108,0,1.0,mapped_high
read365,113,1,1,108,108,108,108,108,0,1.0,mapped_high
read366,114,1,1,108,108,108,108,108,0,1.0,mapped_high
read367,115,1,1,108,108,108,108,108,0,1.0,mapped_high
read368,116,1,1,108,108,108,108,108,0,1.0,mapped_high
read369,117,1,1,108,108,108,108,108,0,1.0,mapped_high
read370,118,1,1,108,108,108,108,108,0,1.0,mapped_high
read371,119,1,1,108,108,108,108,108,0,1.0,mapped_high
read372,120,1,1,108,108,108,108,108,0,1.0,mapped_high
read373,121,1,1,108,108,108,108,108,0,1.0,mapped_high
read374,122,1,1,108,108,108,108,108,0,1.0,mapped_high
read375,123,1,1,108,108,108,108,108,0,1.0,mapped_high
read376,124,1,1,108,108,108,108,108,0,1.0,mapped_high
read377,125,1,1,108,108,108,108,108,0,1.0,mapped_high
read378,126,1,1,108,108,108,108,108,0,1.0,mapped_high
read379,127,1,1,108,108,108,108,108,0,1.0,mapped_high
read380,128,1,1,108,108,108,108,108,0,1.0,mapped_high
read381,129,1,1,108,108,108,108,108,0,1.0,mapped_high
read382,130,1,1,108,108,108,108,108,0,1.0,mapped_high
read383,131,1,1,108,108,108,108,108,0,1.0,mapped_high
read384,132,1,1,108,108,108,108,108,0,1.0,mapped_high
read385,133,1,1,108,108,108,108,108,0,1.0,mapped_high
read386,134,1,1,108,108,108,108,108,0,1.0,mapped_high
read387,135,1,1,108,108,108,108,108,0,1.0,mapped_high
read388,136,1,1,108,108,108,108,108,0,1.0,mapped_high
read389,137,1,1,108,108,108,108,108,0,1.0,mapped_high
read390,138,1,1,108,108,108,108,108,0,1.0,mapped_high
read391,139,1,1,108,108,108,108,108,0,1.0,mapped_high
read392,140,1,1,108,108,108,108,108,0,1.0,mapped_high
read393,141,1,1,108,108,108,108,108,0,1.0,mapped_high
read394,142,1,1,108,108,108,108,108,0,1.0,mapped_high
read395,143,1,1,108,108,108,108,108,0,1.0,mapped_high
read396,144,1,1,108,108,108,108,108,0,1.0,mapped_high
read397,145,1,1,108,108,108,108,108,0,1.0,mapped_high
read398,146,1,1,108,108,108,108,108,0,1.0,mapped_high
read399,147,1,1,108,108,108,108,108,0,1.0,mapped_high
read400,148,1,1,108,108,108,108,108,0,1.0,mapped_high
read801,318,1,1,108,108,108,108,108,0,1.0,mapped_high
read802,319,1,1,108,108,108,108,108,0,1.0,mapped_high
read803,320,1,1,108,108,108,108,108,0,1.0,mapped_high
read804,321,1,1,108,108,108,108,108,0,1.0,mapped_high
read805,322,1,1,108,108,108,108,108,0,1.0,mapped_high
read806,323,1,1,108,108,108,108,108,0,1.0,mapped_high
read807,324,1,1,108,108,108,108,108,0,1.0,mapped_high
read808,325,1,1,108,108,108,108,108,0,1.0,mapped_high
read809,326,1,1,108,108,108,108,108,0,1.0,mapped_high
read810,327,1,1,108,108,108,108,108,0,1.0,mapped_high
read811,329,1,1,108,108,108,108,108,0,1.0,mapped_high
read812,330,1,1,108,108,108,108,108,0,1.0,mapped_high
read813,331,1,1,108,108,108,108,108,0,1.0,mapped_high
read814,332,1,1,108,108,108,108,108,0,1.0,mapped_high
read815,333,1,1,108,108,108,108,108,0,1.0,mapped_high
read816,334,1,1,108,108,108,108,108,0,1.0,mapped_high
read817,335,1,1,108,108,108,108,108,0,1.0,mapped_high
read818,336,1,1,108,108,108,108,108,0,1.0,mapped_high
read819,337,1,1,108,108,108,108,108,0,1.0,mapped_high
read820,338,1,1,108,108,108,108,108,0,1.0,mapped_high
read821,339,1,1,108,108,108,108,108,0,1.0,mapped_high
read822,340,1,1,108,108,108,108,108,0,1.0,mapped_high
read823,341,1,1,108,108,108,108,108,0,1.0,mapped_high
read824,342,1,1,108,108,108,108,108,0,1.0,mapped_high
read825,343,1,1,108,108,108,108,108,0,1.0,mapped_high
read826,344,1,1,108,108,108,108,108,0,1.0,mapped_high
read827,345,1,1,108,108,108,108,108,0,1.0,mapped_high
read828,346,1,1,108,108,108,108,108,0,1.0,mapped_high
read829,347,1,1,108,108,108,108,108,0,1.0,mapped_high
read830,348,1,1,108,108,108,108,108,0,1.0,mapped_high
read831,349,1,1,108,108,108,108,108,0,1.0,mapped_high
read832,350,1,1,108,108,108,108,108,0,1.0,mapped_high
read833,351,1,1,108,108,108,108,108,0,1.0,mapped_high
read834,352,1,1,108,108,108,108,108,0,1.0,mapped_high
read835,353,1,1,108,108,108,108,108,0,1.0,mapped_high
read836,354,1,1,108,108,108,108,108,0,1.0,mapped_high
read837,355,1,1,108,108,108,108,108,0,1.0,mapped_high
read838,356,1,1,108,108,108,108,108,0,1.0,mapped_high
read839,357,1,1,108,108,108,108,108,0,1.0,mapped_high
read840,358,1,1,108,108,108,108,108,0,1.0,mapped_high
read841,359,1,1,108,108,108,108,108,0,1.0,mapped_high
read842,360,1,1,108,108,108,108,108,0,1.0,mapped_high
read843,361,1,1,108,108,108,108,108,0,1.0,mapped_high
read844,362,1,1,108,108,108,108,108,0,1.0,mapped_high
read845,363,1,1,108,108,108,108,108,0,1.0,mapped_high
read846,364,1,1,108,108,108,108,108,0,1.0,mapped_high
read847,365,1,1,108,108,108,108,108,0,1.0,mapped_high
read848,366,1,1,108,108,108,108,108,0,1.0,mapped_high
read849,367,1,1,108,108,108,108,108,0,1.0,mapped_high
read850,368,1,1,108,108,108,108,108,0,1.0,mapped_high
read851,369,1,1,108,108,108,108,108,0,1.0,mapped_high
read852,370,1,1,108,108,108,108,108,0,1.0,mapped_high
read853,371,1,1,108,108,108,108,108,0,1.0,mapped_high
read854,372,1,1,108,108,108,108,108,0,1.0,mapped_high
read855,373,1,1,108,108,108,108,108,0,1.0,mapped_high
read856,374,1,1,108,108,108,108,108,0,1.0,mapped_high
read857,375,1,1,108,108,108,108,108,0,1.0,mapped_high
read858,376,1,1,108,108,108,108,108,0,1.0,mapped_high
read859,377,1,1,108,108,108,108,108,0,1.0,mapped_high
read860,378,1,1,108,108,108,108,108,0,1.0,mapped_high
read861,379,1,1,108,108,108,108,108,0,1.0,mapped_high
read862,380,1,1,108,108,108,108,108,0,1.0,mapped_high
read863,381,1,1,108,108,108,108,108,0,1.0,mapped_high
read864,382,1,1,108,108,108,108,108,0,1.0,mapped_high
read865,383,1,1,108,108,108,108,108,0,1.0,mapped_high
read866,384,1,1,108,108,108,108,108,0,1.0,mapped_high
read867,385,1,1,108,108,108,108,108,0,1.0,mapped_high
read868,386,1,1,108,108,108,108,108,0,1.0,mapped_high
read869,387,1,1,108,108,108,108,108,0,1.0,mapped_high
read870,388,1,1,108,108,108,108,108,0,1.0,mapped_high
read871,389,1,1,108,108,108,108,108,0,1.0,mapped_high
read872,390,1,1,108,108,108,108,108,0,1.0,mapped_high
read873,391,1,1,108,108,108,108,108,0,1.0,mapped_high
read874,392,1,1,108,108,108,108,108,0,1.0,mapped_high
read875,393,1,1,108,108,108,108,108,0,1.0,mapped_high
read876,394,1,1,108,108,108,108,108,0,1.0,mapped_high
read877,395,1,1,108,108,108,108,108,0,1.0,mapped_high
read878,396,1,1,108,108,108,108,108,0,1.0,mapped_high
read879,397,1,1,108,108,108,108,108,0,1.0,mapped_high
read880,398,1,1,108,108,108,108,108,0,1.0,mapped_high
read881,399,1,1,108,108,108,108,108,0,1.0,mapped_high
read882,400,1,1,108,108,108,108,108,0,1.0,mapped_high
read883,401,1,1,108,108,108,108,108,0,1.0,mapped_high
read884,402,1,1,108,108,108,108,108,0,1.0,mapped_high
read885,403,1,1,108,108,108,108,108,0,1.0,mapped_high
read886,404,1,1,108,108,108,108,108,0,1.0,mapped_high
read887,405,1,1,108,108,108,108,108,0,1.0,mapped_high
read888,406,1,1,108,108,108,108,108,0,1.0,mapped_high
read889,407,1,1,108,108,108,108,108,0,1.0,mapped_high
read890,408,1,1,108,108,108,108,108,0,1.0,mapped_high
read891,409,1,1,108,108,108,108,108,0,1.0,mapped_high
read892,410,1,1,108,108,108,108,108,0,1.0,mapped_high
read893,411,1,1,108,108,108,108,108,1,0.9907407407407407,mapped_high
read894,412,1,1,108,108,108,108,108,0,1.0,mapped_high
read895,413,1,1,108,108,108,108,108,0,1.0,mapped_high
read896,414,1,1,108,108,108,108,108,0,1.0,mapped_high
read897,415,1,1,108,108,108,108,108,0,1.0,mapped_high
read898,416,1,1,108,108,108,108,108,0,1.0,mapped_high
read899,417,1,1,108,108,108,108,108,0,1.0,mapped_high
read900,418,1,1,108,108,108,108,108,0,1.0,mapped_high
read901,419,1,1,108,108,108,108,108,0,1.0,mapped_high
read902,420,1,1,108,108,108,108,108,0,1.0,mapped_high
read903,421,1,1,108,108,108,108,108,0,1.0,mapped_high
read904,422,1,1,108,108,108,108,108,0,1.0,mapped_high
read905,423,1,1,108,108,108,108,108,0,1.0,mapped_high
read906,424,1,1,108,108,108,108,108,0,1.0,mapped_high
read907,425,1,1,108,108,108,108,108,0,1.0,mapped_high
read908,426,1,1,108,108,108,108,108,0,1.0,mapped_high
read909,427,1,1,108,108,108,108,108,0,1.0,mapped_high
read910,428,1,1,108,108,108,108,108,0,1.0,mapped_high
read911,429,1,1,108,108,108,108,108,0,1.0,mapped_high
read912,430,1,1,108,108,108,108,108,0,1.0,mapped_high
read913,431,1,1,108,108,108,108,108,0,1.0,mapped_high
read914,432,1,1,108,108,108,108,108,0,1.0,mapped_high
read915,433,1,1,108,108,108,108,108,0,1.0,mapped_high
read916,434,1,1,108,108,108,108,108,0,1.0,mapped_high
read917,435,1,1,108,108,108,108,108,0,1.0,mapped_high
read918,436,1,1,108,108,108,108,108,0,1.0,mapped_high
read919,437,1,1,108,108,108,108,108,0,1.0,mapped_high
read920,438,1,1,108,108,108,108,108,0,1.0,mapped_high
read921,439,1,1,108,108,108,108,108,0,1.0,mapped_high
read922,440,1,1,108,108,108,108,108,0,1.0,mapped_high
read923,441,1,1,108,108,108,108,108,0,1.0,mapped_high
read924,442,1,1,108,108,108,108,108,0,1.0,mapped_high
read925,443,1,1,108,108,108,108,108,0,1.0,mapped_high
read926,444,1,1,108,108,108,108,108,0,1.0,mapped_high
read927,445,1,1,108,108,108,108,108,0,1.0,mapped_high
read928,446,1,1,108,108,108,108,108,0,1.0,mapped_high
read929,447,1,1,108,108,108,108,108,0,1.0,mapped_high
read930,448,1,1,108,108,108,108,108,0,1.0,mapped_high
read931,449,1,1,108,108,108,108,108,0,1.0,mapped_high
read932,450,1,1,108,108,108,108,108,0,1.0,mapped_high
read933,451,1,1,108,108,108,108,108,0,1.0,mapped_high
read934,452,1,1,108,108,108,108,108,0,1.0,mapped_high
read935,453,1,1,108,108,108,108,108,0,1.0,mapped_high
read936,454,1,1,108,108,108,108,108,0,1.0,mapped_high
read937,455,1,1,108,108,108,108,108,0,1.0,mapped_high
read938,456,1,1,108,108,108,108,108,0,1.0,mapped_high
read939,457,1,1,108,108,108,108,108,0,1.0,mapped_high
read940,458,1,1,108,108,108,108,108,0,1.0,mapped_high
read941,459,1,1,108,108,108,108,108,0,1.0,mapped_high
read942,460,1,1,108,108,108,108,108,0,1.0,mapped_high
read943,461,1,1,108,108,108,108,108,0,1.0,mapped_high
read944,462,1,1,108,108,108,108,108,0,1.0,mapped_high
read945,463,1,1,108,108,108,108,108,0,1.0,mapped_high
read946,464,1,1,108,108,108,108,108,0,1.0,mapped_high
read947,465,1,1,108,108,108,108,108,0,1.0,mapped_high
read948,466,1,1,108,108,108,108,108,0,1.0,mapped_high
read949,467,1,1,108,108,108,108,108,0,1.0,mapped_high
read950,468,1,1,108,108,108,108,108,0,1.0,mapped_high
read951,469,1,1,108,108,108,108,108,0,1.0,mapped_high
read952,470,1,1,108,108,108,108,108,0,1.0,mapped_high
read953,471,1,1,108,108,108,108,108,0,1.0,mapped_high
read954,472,1,1,108,108,108,108,108,0,1.0,mapped_high
read955,473,1,1,108,108,108,108,108,0,1.0,mapped_high
read956,474,1,1,108,108,108,108,108,0,1.0,mapped_high
read957,475,1,1,108,108,108,108,108,0,1.0,mapped_high
read958,476,1,1,108,108,108,108,108,0,1.0,mapped_high
read959,477,1,1,108,108,108,108,108,0,1.0,mapped_high
read960,478,1,1,108,108,108,108,108,0,1.0,mapped_high
read961,479,1,1,108,108,108,108,108,0,1.0,mapped_high
read962,480,1,1,108,108,108,108,108,0,1.0,mapped_high
read963,481,1,1,108,108,108,108,108,0,1.0,mapped_high
read964,482,1,1,108,108,108,108,108,0,1.0,mapped_high
read965,483,1,1,108,108,108,108,108,0,1.0,mapped_high
read966,484,1,1,108,108,108,108,108,0,1.0,mapped_high
read967,485,1,1,108,108,108,108,108,0,1.0,mapped_high
read968,486,1,1,108,108,108,108,108,0,1.0,mapped_high
read969,487,1,1,108,108,108,108,108,0,1.0,mapped_high
read970,488,1,1,108,108,108,108,108,0,1.0,mapped_high
read971,489,1,1,108,108,108,108,108,0,1.0,mapped_high
read972,490,1,1,108,108,108,108,108,0,1.0,mapped_high
read973,491,1,1,108,108,108,108,108,0,1.0,mapped_high
read974,492,1,1,108,108,108,108,108,0,1.0,mapped_high
read975,493,1,1,108,108,108,108,108,0,1.0,mapped_high
read976,494,1,1,108,108,108,108,108,0,1.0,mapped_high
read977,495,1,1,108,108,108,108,108,0,1.0,mapped_high
read978,496,1,1,108,108,108,108,108,0,1.0,mapped_high
read979,497,1,1,108,108,108,108,108,0,1.0,mapped_high
read980,498,1,1,108,108,108,108,108,0,1.0,mapped_high
read981,499,1,1,108,108,108,108,108,0,1.0,mapped_high
read982,500,1,1,108,108,108,108,108,0,1.0,mapped_high
read983,501,1,1,108,108,108,108,108,0,1.0,mapped_high
read984,502,1,1,108,108,108,108,108,0,1.0,mapped_high
read985,503,1,1,108,108,108,108,108,0,1.0,mapped_high
read986,504,1,1,108,108,108,108,108,0,1.0,mapped_high
read987,505,1,1,108,108,108,108,108,0,1.0,mapped_high
read988,506,1,1,108,108,108,108,108,0,1.0,mapped_high
read989,507,1,1,108,108,108,108,108,0,1.0,mapped_high
read990,508,1,1,108,108,108,108,108,0,1.0,mapped_high
read991,509,1,1,108,108,108,108,108,0,1.0,mapped_high
read992,510,1,1,108,108,108,108,108,0,1.0,mapped_high
read993,511,1,1,108,108,108,108,108,0,1.0,mapped_high
read994,512,1,1,108,108,108,108,108,0,1.0,mapped_high
read995,513,1,1,108,108,108,108,108,0,1.0,mapped_high
read996,514,1,1,108,108,108,108,108,0,1.0,mapped_high
read997,515,1,1,108,108,108,108,108,0,1.0,mapped_high
read601,856,1,1,108,108,108,108,108,0,1.0,mapped_high
read602,857,1,1,108,108,108,108,108,0,1.0,mapped_high
read603,858,1,1,108,108,108,108,108,0,1.0,mapped_high
read401,149,1,1,108,108,108,108,108,0,1.0,mapped_high
read402,150,1,1,108,108,108,108,108,0,1.0,mapped_high
read403,151,1,1,108,108,108,108,108,0,1.0,mapped_high
read404,152,1,1,108,108,108,108,108,0,1.0,mapped_high
read405,153,1,1,108,108,108,108,108,0,1.0,mapped_high
read406,154,1,1,108,108,108,108,108,0,1.0,mapped_high
read407,155,1,1,108,108,108,108,108,0,1.0,mapped_high
read408,156,1,1,108,108,108,108,108,0,1.0,mapped_high
read409,157,1,1,108,108,108,108,108,0,1.0,mapped_high
read410,158,1,1,108,108,108,108,108,0,1.0,mapped_high
read411,159,1,1,108,108,108,108,108,0,1.0,mapped_high
read412,160,1,1,108,108,108,108,108,0,1.0,mapped_high
read413,161,1,1,108,108,108,108,108,0,1.0,mapped_high
read414,162,1,1,108,108,108,108,108,0,1.0,mapped_high
read415,163,1,1,108,108,108,108,108,0,1.0,mapped_high
read416,164,1,1,108,108,108,108,108,0,1.0,mapped_high
read417,165,1,1,108,108,108,108,108,0,1.0,mapped_high
read418,166,1,1,108,108,108,108,108,0,1.0,mapped_high
read419,167,1,1,108,108,108,108,108,0,1.0,mapped_high
read420,168,1,1,108,108,108,108,108,0,1.0,mapped_high
read421,169,1,1,108,108,108,108,108,0,1.0,mapped_high
read422,170,1,1,108,108,108,108,108,0,1.0,mapped_high
read423,171,1,1,108,108,108,108,108,0,1.0,mapped_high
read424,172,1,1,108,108,108,108,108,0,1.0,mapped_high
read425,173,1,1,108,108,108,108,108,0,1.0,mapped_high
read426,174,1,1,108,108,108,108,108,0,1.0,mapped_high
read427,175,1,1,108,108,108,108,108,0,1.0,mapped_high
read428,176,1,1,108,108,108,108,108,0,1.0,mapped_high
read429,177,1,1,108,108,108,108,108,0,1.0,mapped_high
read430,178,1,1,108,108,108,108,108,0,1.0,mapped_high
read431,179,1,1,108,108,108,108,108,0,1.0,mapped_high
read432,180,1,1,108,108,108,108,108,0,1.0,mapped_high
read433,181,1,1,108,108,108,108,108,0,1.0,mapped_high
read434,182,1,1,108,108,108,108,108,0,1.0,mapped_high
read435,183,1,1,108,108,108,108,108,0,1.0,mapped_high
read436,184,1,1,108,108,108,108,108,0,1.0,mapped_high
read437,185,1,1,108,108,108,108,108,1,0.9907407407407407,mapped_high
read438,186,1,1,108,108,108,108,108,0,1.0,mapped_high
read439,187,1,1,108,108,108,108,108,0,1.0,mapped_high
read440,188,1,1,108,108,108,108,108,0,1.0,mapped_high
read441,189,1,1,108,108,108,108,108,0,1.0,mapped_high
read442,190,1,1,108,108,108,108,108,0,1.0,mapped_high
read443,191,1,1,108,108,108,108,108,0,1.0,mapped_high
read444,192,1,1,108,108,108,108,108,0,1.0,mapped_high
read445,193,1,1,108,108,108,108,108,0,1.0,mapped_high
read446,194,1,1,108,108,108,108,108,0,1.0,mapped_high
read447,195,1,1,108,108,108,108,108,0,1.0,mapped_high
read448,196,1,1,108,108,108,108,108,0,1.0,mapped_high
read449,197,1,1,108,108,108,108,108,0,1.0,mapped_high
read450,198,1,1,108,108,108,108,108,0,1.0,mapped_high
read451,199,1,1,108,108,108,108,108,0,1.0,mapped_high
read452,200,1,1,108,108,108,108,108,0,1.0,mapped_high
read453,201,1,1,108,108,108,108,108,1,0.9907407407407407,mapped_high
read454,202,1,1,108,108,108,108,108,0,1.0,mapped_high
read455,203,1,1,108,108,108,108,108,0,1.0,mapped_high
read456,204,1,1,108,108,108,108,108,0,1.0,mapped_high
read457,205,1,1,108,108,108,108,108,0,1.0,mapped_high
read458,206,1,1,108,108,108,108,108,0,1.0,mapped_high
read459,207,1,1,108,108,108,108,108,0,1.0,mapped_high
read460,208,1,1,108,108,108,108,108,0,1.0,mapped_high
read461,209,1,1,108,108,108,108,108,0,1.0,mapped_high
read462,210,1,1,108,108,108,108,108,0,1.0,mapped_high
read463,211,1,1,108,108,108,108,108,0,1.0,mapped_high
read464,212,1,1,108,108,108,108,108,0,1.0,mapped_high
read465,213,1,1,108,108,108,108,108,0,1.0,mapped_high
read466,214,1,1,108,108,108,108,108,0,1.0,mapped_high
read467,215,1,1,108,108,108,108,108,0,1.0,mapped_high
read468,216,1,1,108,108,108,108,108,0,1.0,mapped_high
read469,217,1,1,108,108,108,108,108,0,1.0,mapped_high
read470,218,1,1,108,108,108,108,108,0,1.0,mapped_high
read471,219,1,1,108,108,108,108,108,0,1.0,mapped_high
read472,220,1,1,108,108,108,108,108,0,1.0,mapped_high
read473,221,1,1,108,108,108,108,108,0,1.0,mapped_high
read474,222,1,1,108,108,108,108,108,0,1.0,mapped_high
read475,223,1,1,108,108,108,108,108,0,1.0,mapped_high
read476,224,1,1,108,108,108,108,108,0,1.0,mapped_high
read477,225,1,1,108,108,108,108,108,0,1.0,mapped_high
read478,226,1,1,108,108,108,108,108,0,1.0,mapped_high
read479,227,1,1,108,108,108,108,108,0,1.0,mapped_high
read480,228,1,1,108,108,108,108,108,0,1.0,mapped_high
read481,229,1,1,108,108,108,108,108,0,1.0,mapped_high
read482,230,1,1,108,108,108,108,108,0,1.0,mapped_high
read483,231,1,1,108,108,108,108,108,0,1.0,mapped_high
read484,232,1,1,108,108,108,108,108,0,1.0,mapped_high
read485,233,1,1,108,108,108,108,108,0,1.0,mapped_high
read486,234,1,1,108,108,108,108,108,0,1.0,mapped_high
read487,235,1,1,108,108,108,108,108,0,1.0,mapped_high
read488,236,1,1,108,108,108,108,108,0,1.0,mapped_high
read489,237,1,1,108,108,108,108,108,0,1.0,mapped_high
read490,238,1,1,108,108,108,108,108,0,1.0,mapped_high
read491,239,1,1,108,108,108,108,108,0,1.0,mapped_high
read492,240,1,1,108,108,108,108,108,0,1.0,mapped_high
read493,241,1,1,108,108,108,108,108,0,1.0,mapped_high
read494,242,1,1,108,108,108,108,108,0,1.0,mapped_high
read495,243,1,1,108,108,108,108,108,0,1.0,mapped_high
read496,244,1,1,108,108,108,108,108,0,1.0,mapped_high
read497,245,1,1,108,108,108,108,108,0,1.0,mapped_high
read498,246,1,1,108,108,108,108,108,0,1.0,mapped_high
read499,247,1,1,108,108,108,108,108,0,1.0,mapped_high
read500,248,1,1,108,108,108,108,108,0,1.0,mapped_high
read501,249,1,1,108,108,108,108,108,0,1.0,mapped_high
read502,250,1,1,108,108,108,108,108,0,1.0,mapped_high
read503,251,1,1,108,108,108,108,108,0,1.0,mapped_high
read504,252,1,1,108,108,108,108,108,0,1.0,mapped_high
read505,253,1,1,108,108,108,108,108,0,1.0,mapped_high
read506,254,1,1,108,108,108,108,108,0,1.0,mapped_high
read507,255,1,1,108,108,108,108,108,0,1.0,mapped_high
read508,256,1,1,108,108,108,108,108,1,0.9907407407407407,mapped_high
read509,257,1,1,108,108,108,108,108,0,1.0,mapped_high
read510,258,1,1,108,108,108,108,108,0,1.0,mapped_high
read511,259,1,1,108,108,108,108,108,0,1.0,mapped_high
read512,260,1,1,108,108,108,108,108,0,1.0,mapped_high
read513,768,1,1,108,108,108,108,108,0,1.0,mapped_high
read514,769,1,1,108,108,108,108,108,0,1.0,mapped_high
read515,770,1,1,108,108,108,108,108,0,1.0,mapped_high
read516,771,1,1,108,108,108,108,108,0,1.0,mapped_high
read517,772,1,1,108,108,108,108,108,0,1.0,mapped_high
read518,773,1,1,108,108,108,108,108,0,1.0,mapped_high
read519,774,1,1,108,108,108,108,108,0,1.0,mapped_high
read520,775,1,1,108,108,108,108,108,0,1.0,mapped_high
read521,776,1,1,108,108,108,108,108,0,1.0,mapped_high
read522,777,1,1,108,108,108,108,108,0,1.0,mapped_high
read523,778,1,1,108,108,108,108,108,0,1.0,mapped_high
read524,779,1,1,108,108,108,108,108,0,1.0,mapped_high
read525,780,1,1,108,108,108,108,108,0,1.0,mapped_high
read526,781,1,1,108,108,108,108,108,0,1.0,mapped_high
read527,782,1,1,108,108,108,108,108,0,1.0,mapped_high
read528,783,1,1,108,108,108,108,108,0,1.0,mapped_high
read529,784,1,1,108,108,108,108,108,0,1.0,mapped_high
read530,785,1,1,108,108,108,108,108,0,1.0,mapped_high
read531,786,1,1,108,108,108,108,108,0,1.0,mapped_high
read532,787,1,1,108,108,108,108,108,0,1.0,mapped_high
read533,788,1,1,108,108,108,108,108,0,1.0,mapped_high
read534,789,1,1,108,108,108,108,108,1,0.9907407407407407,mapped_high
read535,790,1,1,108,108,108,108,108,0,1.0,mapped_high
read536,791,1,1,108,108,108,108,108,0,1.0,mapped_high
read537,792,1,1,108,108,108,108,108,0,1.0,mapped_high
read538,793,1,1,108,108,108,108,108,0,1.0,mapped_high
read539,794,1,1,108,108,108,108,108,0,1.0,mapped_high
read540,795,1,1,108,108,108,108,108,0,1.0,mapped_high
read541,796,1,1,108,108,108,108,108,0,1.0,mapped_high
read542,797,1,1,108,108,108,108,108,0,1.0,mapped_high
read543,798,1,1,108,108,108,108,108,0,1.0,mapped_high
read544,799,1,1,108,108,108,108,108,0,1.0,mapped_high
read545,800,1,1,108,108,108,108,108,0,1.0,mapped_high
read546,801,1,1,108,108,108,108,108,0,1.0,mapped_high
read547,802,1,1,108,108,108,108,108,0,1.0,mapped_high
read548,803,1,1,108,108,108,108,108,0,1.0,mapped_high
read549,804,1,1,108,108,108,108,108,0,1.0,mapped_high
read550,805,1,1,108,108,108,108,108,0,1.0,mapped_high
read551,806,1,1,108,108,108,108,108,0,1.0,mapped_high
read552,807,1,1,108,108,108,108,108,0,1.0,mapped_high
read553,808,1,1,108,108,108,108,108,0,1.0,mapped_high
read554,809,1,1,108,108,108,108,108,0,1.0,mapped_high
read555,810,1,1,108,108,108,108,108,0,1.0,mapped_high
read556,811,1,1,108,108,108,108,108,0,1.0,mapped_high
read557,812,1,1,108,108,108,108,108,0,1.0,mapped_high
read558,813,1,1,108,108,108,108,108,0,1.0,mapped_high
read559,814,1,1,108,108,108,108,108,0,1.0,mapped_high
read560,815,1,1,108,108,108,108,108,0,1.0,mapped_high
read561,816,1,1,108,108,108,108,108,0,1.0,mapped_high
read562,817,1,1,108,108,108,108,108,0,1.0,mapped_high
read563,818,1,1,108,108,108,108,108,0,1.0,mapped_high
read564,819,1,1,108,108,108,108,108,0,1.0,mapped_high
read565,820,1,1,108,108,108,108,108,0,1.0,mapped_high
read566,821,1,1,108,108,108,108,108,0,1.0,mapped_high
read567,822,1,1,108,108,108,108,108,0,1.0,mapped_high
read568,823,1,1,108,108,108,108,108,0,1.0,mapped_high
read569,824,1,1,108,108,108,108,108,0,1.0,mapped_high
read570,825,1,1,108,108,108,108,108,0,1.0,mapped_high
read571,826,1,1,108,108,108,108,108,0,1.0,mapped_high
read572,827,1,1,108,108,108,108,108,0,1.0,mapped_high
read573,828,1,1,108,108,108,108,108,0,1.0,mapped_high
read574,829,1,1,108,108,108,108,108,0,1.0,mapped_high
read575,830,1,1,108,108,108,108,108,0,1.0,mapped_high
read576,831,1,1,108,108,108,108,108,0,1.0,mapped_high
read577,832,1,1,108,108,108,108,108,0,1.0,mapped_high
read578,833,1,1,108,108,108,108,108,0,1.0,mapped_high
read579,834,1,1,108,108,108,108,108,0,1.0,mapped_high
read580,835,1,1,108,108,108,108,108,0,1.0,mapped_high
read581,836,1,1,108,108,108,108,108,0,1.0,mapped_high
read582,837,1,1,108,108,108,108,108,0,1.0,mapped_high
read583,838,1,1,108,108,108,108,108,0,1.0,mapped_high
read584,839,1,1,108,108,108,108,108,0,1.0,mapped_high
read585,840,1,1,108,108,108,108,108,0,1.0,mapped_high
read586,841,1,1,108,108,108,108,108,1,0.9907407407407407,mapped_high
read587,842,1,1,108,108,108,108,108,0,1.0,mapped_high
read588,843,1,1,108,108,108,108,108,0,1.0,mapped_high
read589,844,1,1,108,108,108,108,108,0,1.0,mapped_high
read590,845,1,1,108,108,108,108,108,0,1.0,mapped_high
read591,846,1,1,108,108,108,108,108,0,1.0,mapped_high
read592,847,1,1,108,108,108,108,108,0,1.0,mapped_high
read593,848,1,1,108,108,108,108,108,0,1.0,mapped_high
read594,849,1,1,108,108,108,108,108,0,1.0,mapped_high
read595,850,1,1,108,108,108,108,108,0,1.0,mapped_high
read596,851,1,1,108,108,108,108,108,0,1.0,mapped_high
read597,852,1,1,108,108,108,108,108,0,1.0,mapped_high
read598,853,1,1,108,108,108,108,108,0,1.0,mapped_high
read599,854,1,1,108,108,108,108,108,0,1.0,mapped_high
read600,855,1,1,108,108,108,108,108,0,1.0,mapped_high
read1,516,1,1,108,108,108,108,108,0,1.0,mapped_high
read2,517,1,1,108,108,108,108,108,0,1.0,mapped_high
read3,518,1,1,108,108,108,108,108,0,1.0,mapped_high
read4,519,1,1,108,108,108,108,108,0,1.0,mapped_high
read5,520,1,1,108,108,108,108,108,0,1.0,mapped_high
read6,521,1,1,108,108,108,108,108,0,1.0,mapped_high
read7,522,1,1,108,108,108,108,108,0,1.0,mapped_high
read8,523,1,1,108,108,108,108,108,0,1.0,mapped_high
read9,524,1,1,108,108,108,108,108,0,1.0,mapped_high
read10,525,1,1,108,108,108,108,108,0,1.0,mapped_high
read11,526,1,1,108,108,108,108,108,2,0.9814814814814815,mapped_high
read12,527,1,1,108,108,108,108,108,0,1.0,mapped_high
read13,528,1,1,108,108,108,108,108,0,1.0,mapped_high
read14,529,1,1,108,108,108,108,108,0,1.0,mapped_high
read15,530,1,1,108,108,108,108,108,0,1.0,mapped_high
read16,531,1,1,108,108,108,108,108,0,1.0,mapped_high
read17,532,1,1,108,108,108,108,108,0,1.0,mapped_high
read18,533,1,1,108,108,108,108,108,0,1.0,mapped_high
read19,534,1,1,108,108,108,108,108,0,1.0,mapped_high
read20,535,1,1,108,108,108,108,108,0,1.0,mapped_high
read21,536,1,1,108,108,108,108,108,0,1.0,mapped_high
read22,537,1,1,108,108,108,108,108,0,1.0,mapped_high
read23,538,1,1,108,108,108,108,108,0,1.0,mapped_high
read24,539,1,1,108,108,108,108,108,0,1.0,mapped_high
read25,540,1,1,108,108,108,108,108,0,1.0,mapped_high
read26,541,1,1,108,108,108,108,108,0,1.0,mapped_high
read27,542,1,1,108,108,108,108,108,0,1.0,mapped_high
read28,543,1,1,108,108,108,108,108,0,1.0,mapped_high
read29,544,1,1,108,108,108,108,108,0,1.0,mapped_high
read30,545,1,1,108,108,108,108,108,0,1.0,mapped_high
read31,546,1,1,108,108,108,108,108,0,1.0,mapped_high
read32,547,1,1,108,108,108,108,108,0,1.0,mapped_high
read33,548,1,1,108,108,108,108,108,0,1.0,mapped_high
read34,549,1,1,108,108,108,108,108,0,1.0,mapped_high
read35,550,1,1,108,108,108,108,108,0,1.0,mapped_high
read36,551,1,1,108,108,108,108,108,0,1.0,mapped_high
read37,552,1,1,108,108,108,108,108,0,1.0,mapped_high
read38,553,1,1,108,108,108,108,108,0,1.0,mapped_high
read39,554,1,1,108,108,108,108,108,0,1.0,mapped_high
read40,555,1,1,108,108,108,108,108,0,1.0,mapped_high
read41,556,1,1,108,108,108,108,108,0,1.0,mapped_high
read42,557,1,1,108,108,108,108,108,0,1.0,mapped_high
read43,558,1,1,108,108,108,108,108,0,1.0,mapped_high
read44,559,1,1,108,108,108,108,108,0,1.0,mapped_high
read45,560,1,1,108,108,108,108,108,0,1.0,mapped_high
read46,561,1,1,108,108,108,108,108,0,1.0,mapped_high
read47,562,1,1,108,108,108,108,108,0,1.0,mapped_high
read48,563,1,1,108,108,108,108,108,0,1.0,mapped_high
read49,564,1,1,108,108,108,108,108,0,1.0,mapped_high
read50,565,1,1,108,108,108,108,108,0,1.0,mapped_high
read51,566,1,1,108,108,108,108,108,0,1.0,mapped_high
read52,567,1,1,108,108,108,108,108,0,1.0,mapped_high
read53,568,1,1,108,108,108,108,108,0,1.0,mapped_high
read54,569,1,1,108,108,108,108,108,0,1.0,mapped_high
read55,570,1,1,108,108,108,108,108,0,1.0,mapped_high
read56,571,1,1,108,108,108,108,108,0,1.0,mapped_high
read57,572,1,1,108,108,108,108,108,0,1.0,mapped_high
read58,573,1,1,108,108,108,108,108,0,1.0,mapped_high
read59,574,1,1,108,108,108,108,108,0,1.0,mapped_high
read60,575,1,1,108,108,108,108,108,0,1.0,mapped_high
read61,576,1,1,108,108,108,108,108,0,1.0,mapped_high
read62,577,1,1,108,108,108,108,108,0,1.0,mapped_high
read63,578,1,1,108,108,108,108,108,0,1.0,mapped_high
read64,579,1,1,108,108,108,108,108,0,1.0,mapped_high
read65,580,1,1,108,108,108,108,108,0,1.0,mapped_high
read66,581,1,1,108,108,108,108,108,0,1.0,mapped_high
read67,582,1,1,108,108,108,108,108,0,1.0,mapped_high
read68,583,1,1,108,108,108,108,108,0,1.0,mapped_high
read69,584,1,1,108,108,108,108,108,0,1.0,mapped_high
read70,585,1,1,108,108,108,108,108,0,1.0,mapped_high
read71,586,1,1,108,108,108,108,108,0,1.0,mapped_high
read72,587,1,1,108,108,108,108,108,0,1.0,mapped_high
read73,588,1,1,108,108,108,108,108,0,1.0,mapped_high
read74,589,1,1,108,108,108,108,108,0,1.0,mapped_high
read75,590,1,1,108,108,108,108,108,0,1.0,mapped_high
read76,592,1,1,108,108,108,108,108,0,1.0,mapped_high
read77,593,1,1,108,108,108,108,108,0,1.0,mapped_high
read78,594,1,1,108,108,108,108,108,0,1.0,mapped_high
read79,595,1,1,108,108,108,108,108,0,1.0,mapped_high
read80,596,1,1,108,108,108,108,108,0,1.0,mapped_high
read81,597,1,1,108,108,108,108,108,0,1.0,mapped_high
read82,598,1,1,108,108,108,108,108,0,1.0,mapped_high
read83,599,1,1,108,108,108,108,108,0,1.0,mapped_high
read84,600,1,1,108,108,108,108,108,0,1.0,mapped_high
read85,601,1,1,108,108,108,108,108,0,1.0,mapped_high
read86,602,1,1,108,108,108,108,108,0,1.0,mapped_high
read87,603,1,1,108,108,108,108,108,0,1.0,mapped_high
read88,604,1,1,108,108,108,108,108,0,1.0,mapped_high
read89,605,1,1,108,108,108,108,108,0,1.0,mapped_high
read90,606,1,1,108,108,108,108,108,0,1.0,mapped_high
read91,607,1,1,108,108,108,108,108,0,1.0,mapped_high
read92,608,1,1,108,108,108,108,108,0,1.0,mapped_high
read93,609,1,1,108,108,108,108,108,0,1.0,mapped_high
read94,610,1,1,108,108,108,108,108,0,1.0,mapped_high
read95,611,1,1,108,108,108,108,108,0,1.0,mapped_high
read96,612,1,1,108,108,108,108,108,0,1.0,mapped_high
read97,613,1,1,108,108,108,108,108,0,1.0,mapped_high
read98,614,1,1,108,108,108,108,108,0,1.0,mapped_high
read99,615,1,1,108,108,108,108,108,0,1.0,mapped_high
read100,616,1,1,108,108,108,108,108,0,1.0,mapped_high
read101,617,1,1,108,108,108,108,108,0,1.0,mapped_high
read102,618,1,1,108,108,108,108,108,0,1.0,mapped_high
read103,619,1,1,108,108,108,108,108,0,1.0,mapped_high
read104,620,1,1,108,108,108,108,108,0,1.0,mapped_high
read105,621,1,1,108,108,108,108,108,0,1.0,mapped_high
read106,622,1,1,108,108,108,108,108,0,1.0,mapped_high
read107,623,1,1,108,108,108,108,108,0,1.0,mapped_high
read108,624,1,1,108,108,108,108,108,0,1.0,mapped_high
read109,625,1,1,108,108,108,108,108,0,1.0,mapped_high
read110,626,1,1,108,108,108,108,108,0,1.0,mapped_high
read111,627,1,1,108,108,108,108,108,0,1.0,mapped_high
read112,628,1,1,108,108,108,108,108,0,1.0,mapped_high
read113,629,1,1,108,108,108,108,108,0,1.0,mapped_high
read114,630,1,1,108,108,108,108,108,0,1.0,mapped_high
read115,631,1,1,108,108,108,108,108,0,1.0,mapped_high
read116,632,1,1,108,108,108,108,108,0,1.0,mapped_high
read117,633,1,1,108,108,108,108,108,0,1.0,mapped_high
read118,634,1,1,108,108,108,108,108,0,1.0,mapped_high
read119,635,1,1,108,108,108,108,108,0,1.0,mapped_high
read120,636,1,1,108,108,108,108,108,0,1.0,mapped_high
read121,637,1,1,108,108,108,108,108,0,1.0,mapped_high
read122,638,1,1,108,108,108,108,108,0,1.0,mapped_high
read123,639,1,1,108,108,108,108,108,0,1.0,mapped_high
read124,640,1,1,108,108,108,108,108,0,1.0,mapped_high
read125,641,1,1,108,108,108,108,108,0,1.0,mapped_high
read126,642,1,1,108,108,108,108,108,0,1.0,mapped_high
read127,643,1,1,108,108,108,108,108,0,1.0,mapped_high
read128,644,1,1,108,108,108,108,108,0,1.0,mapped_high
read129,645,1,1,108,108,108,108,108,0,1.0,mapped_high
read130,646,1,1,108,108,108,108,108,0,1.0,mapped_high
read131,647,1,1,108,108,108,108,108,0,1.0,mapped_high
read132,648,1,1,108,108,108,108,108,0,1.0,mapped_high
read133,649,1,1,108,108,108,108,108,0,1.0,mapped_high
read134,650,1,1,108,108,108,108,108,0,1.0,mapped_high
read135,651,1,1,108,108,108,108,108,0,1.0,mapped_high
read136,652,1,1,108,108,108,108,108,0,1.0,mapped_high
read137,653,1,1,108,108,108,108,108,0,1.0,mapped_high
read138,654,1,1,108,108,108,108,108,0,1.0,mapped_high
read139,655,1,1,108,108,108,108,108,0,1.0,mapped_high
read140,656,1,1,108,108,108,108,108,0,1.0,mapped_high
read141,657,1,1,108,108,108,108,108,0,1.0,mapped_high
read142,658,1,1,108,108,108,108,108,0,1.0,mapped_high
read143,659,1,1,108,108,108,108,108,0,1.0,mapped_high
read144,660,1,1,108,108,108,108,108,0,1.0,mapped_high
read145,661,1,1,108,108,108,108,108,0,1.0,mapped_high
read146,662,1,1,108,108,108,108,108,0,1.0,mapped_high
read147,663,1,1,108,108,108,108,108,0,1.0,mapped_high
read148,664,1,1,108,108,108,108,108,0,1.0,mapped_high
read149,665,1,1,108,108,108,108,108,0,1.0,mapped_high
read150,666,1,1,108,108,108,108,108,0,1.0,mapped_high
read151,667,1,1,108,108,108,108,108,0,1.0,mapped_high
read152,668,1,1,108,108,108,108,108,0,1.0,mapped_high
read153,669,1,1,108,108,108,108,108,0,1.0,mapped_high
read154,670,1,1,108,108,108,108,108,0,1.0,mapped_high
read155,671,1,1,108,108,108,108,108,0,1.0,mapped_high
read156,672,1,1,108,108,108,108,108,0,1.0,mapped_high
read157,673,1,1,108,108,108,108,108,0,1.0,mapped_high
read158,674,1,1,108,108,108,108,108,0,1.0,mapped_high
read159,675,1,1,108,108,108,108,108,0,1.0,mapped_high
read160,676,1,1,108,108,108,108,108,0,1.0,mapped_high
read161,677,1,1,108,108,108,108,108,0,1.0,mapped_high
read162,678,1,1,108,108,108,108,108,0,1.0,mapped_high
read163,679,1,1,108,108,108,108,108,1,0.9907407407407407,mapped_high
read164,680,1,1,108,108,108,108,108,0,1.0,mapped_high
read165,681,1,1,108,108,108,108,108,0,1.0,mapped_high
read166,682,1,1,108,108,108,108,108,0,1.0,mapped_high
read167,683,1,1,108,108,108,108,108,0,1.0,mapped_high
read168,684,1,1,108,108,108,108,108,0,1.0,mapped_high
read169,685,1,1,108,108,108,108,108,0,1.0,mapped_high
read170,686,1,1,108,108,108,108,108,0,1.0,mapped_high
read171,687,1,1,108,108,108,108,108,0,1.0,mapped_high
read172,688,1,1,108,108,108,108,108,0,1.0,mapped_high
read173,689,1,1,108,108,108,108,108,0,1.0,mapped_high
read174,690,1,1,108,108,108,108,108,0,1.0,mapped_high
read175,691,1,1,108,108,108,108,108,0,1.0,mapped_high
read176,692,1,1,108,108,108,108,108,0,1.0,mapped_high
read177,693,1,1,108,108,108,108,108,0,1.0,mapped_high
read178,694,1,1,108,108,108,108,108,0,1.0,mapped_high
read179,695,1,1,108,108,108,108,108,0,1.0,mapped_high
read180,696,1,1,108,108,108,108,108,0,1.0,mapped_high
read181,697,1,1,108,108,108,108,108,0,1.0,mapped_high
read182,698,1,1,108,108,108,108,108,2,0.9814814814814815,mapped_high
read183,699,1,1,108,108,108,108,108,0,1.0,mapped_high
read184,700,1,1,108,108,108,108,108,0,1.0,mapped_high
read185,701,1,1,108,108,108,108,108,0,1.0,mapped_high
read186,702,1,1,108,108,108,108,108,0,1.0,mapped_high
read187,703,1,1,108,108,108,108,108,0,1.0,mapped_high
read188,704,1,1,108,108,108,108,108,0,1.0,mapped_high
read189,705,1,1,108,108,108,108,108,0,1.0,mapped_high
read190,706,1,1,108,108,108,108,108,0,1.0,mapped_high
read191,707,1,1,108,108,108,108,108,0,1.0,mapped_high
read192,708,1,1,108,108,108,108,108,0,1.0,mapped_high
read193,709,1,1,108,108,108,108,108,0,1.0,mapped_high
read194,710,1,1,108,108,108,108,108,0,1.0,mapped_high
read195,711,1,1,108,108,108,108,108,0,1.0,mapped_high
read196,712,1,1,108,108,108,108,108,0,1.0,mapped_high
read197,713,1,1,108,108,108,108,108,0,1.0,mapped_high
read198,714,1,1,108,108,108,108,108,0,1.0,mapped_high
read199,715,1,1,108,108,108,108,108,0,1.0,mapped_high
read200,716,1,1,108,108,108,108,108,0,1.0,mapped_high
read604,859,1,1,108,108,108,108,108,0,1.0,mapped_high
read605,860,1,1,108,108,108,108,108,0,1.0,mapped_high
read606,861,1,1,108,108,108,108,108,0,1.0,mapped_high
read607,862,1,1,108,108,108,108,108,0,1.0,mapped_high
read608,863,1,1,108,108,108,108,108,0,1.0,mapped_high
read609,864,1,1,108,108,108,108,108,0,1.0,mapped_high
read610,865,1,1,108,108,108,108,108,0,1.0,mapped_high
read611,866,1,1,108,108,108,108,108,0,1.0,mapped_high
read612,867,1,1,108,108,108,108,108,0,1.0,mapped_high
read613,868,1,1,108,108,108,108,108,0,1.0,mapped_high
read614,869,1,1,108,108,108,108,108,0,1.0,mapped_high
read615,870,1,1,108,108,108,108,108,0,1.0,mapped_high
read616,871,1,1,108,108,108,108,108,0,1.0,mapped_high
read617,872,1,1,108,108,108,108,108,0,1.0,mapped_high
read618,873,1,1,108,108,108,108,108,0,1.0,mapped_high
read619,874,1,1,108,108,108,108,108,0,1.0,mapped_high
read620,875,1,1,108,108,108,108,108,0,1.0,mapped_high
read621,876,1,1,108,108,108,108,108,0,1.0,mapped_high
read622,877,1,1,108,108,108,108,108,0,1.0,mapped_high
read623,878,1,1,108,108,108,108,108,0,1.0,mapped_high
read624,879,1,1,108,108,108,108,108,0,1.0,mapped_high
read625,880,1,1,108,108,108,108,108,0,1.0,mapped_high
read626,881,1,1,108,108,108,108,108,0,1.0,mapped_high
read627,882,1,1,108,108,108,108,108,0,1.0,mapped_high
read628,883,1,1,108,108,108,108,108,0,1.0,mapped_high
read629,884,1,1,108,108,108,108,108,0,1.0,mapped_high
read630,885,1,1,108,108,108,108,108,0,1.0,mapped_high
read631,886,1,1,108,108,108,108,108,0,1.0,mapped_high
read632,887,1,1,108,108,108,108,108,0,1.0,mapped_high
read633,888,1,1,108,108,108,108,108,0,1.0,mapped_high
read634,889,1,1,108,108,108,108,108,0,1.0,mapped_high
read635,890,1,1,108,108,108,108,108,0,1.0,mapped_high
read636,891,1,1,108,108,108,108,108,0,1.0,mapped_high
read637,892,1,1,108,108,108,108,108,0,1.0,mapped_high
read638,893,1,1,108,108,108,108,108,0,1.0,mapped_high
read639,894,1,1,108,108,108,108,108,0,1.0,mapped_high
read640,895,1,1,108,108,108,108,108,0,1.0,mapped_high
read641,896,1,1,108,108,108,108,108,0,1.0,mapped_high
read642,897,1,1,108,108,108,108,108,0,1.0,mapped_high
read643,898,1,1,108,108,108,108,108,0,1.0,mapped_high
read644,899,1,1,108,108,108,108,108,0,1.0,mapped_high
read645,900,1,1,108,108,108,108,108,0,1.0,mapped_high
read646,901,1,1,108,108,108,108,108,0,1.0,mapped_high
read647,902,1,1,108,108,108,108,108,0,1.0,mapped_high
read648,903,1,1,108,108,108,108,108,0,1.0,mapped_high
read649,904,1,1,108,108,108,108,108,0,1.0,mapped_high
read650,905,1,1,108,108,108,108,108,0,1.0,mapped_high
read651,906,1,1,108,108,108,108,108,0,1.0,mapped_high
read652,907,1,1,108,108,108,108,108,0,1.0,mapped_high
read653,908,1,1,108,108,108,108,108,0,1.0,mapped_high
read654,909,1,1,108,108,108,108,108,0,1.0,mapped_high
read655,910,1,1,108,108,108,108,108,0,1.0,mapped_high
read656,911,1,1,108,108,108,108,108,0,1.0,mapped_high
read657,912,1,1,108,108,108,108,108,0,1.0,mapped_high
read658,913,1,1,108,108,108,108,108,0,1.0,mapped_high
read659,914,1,1,108,108,108,108,108,0,1.0,mapped_high
read660,915,1,1,108,108,108,108,108,0,1.0,mapped_high
read661,916,1,1,108,108,108,108,108,0,1.0,mapped_high
read662,917,1,1,108,108,108,108,108,0,1.0,mapped_high
read663,918,1,1,108,108,108,108,108,0,1.0,mapped_high
read664,919,1,1,108,108,108,108,108,0,1.0,mapped_high
read665,920,1,1,108,108,108,108,108,0,1.0,mapped_high
read666,921,1,1,108,108,108,108,108,0,1.0,mapped_high
read667,922,1,1,108,108,108,108,108,0,1.0,mapped_high
read668,923,1,1,108,108,108,108,108,0,1.0,mapped_high
read669,924,1,1,108,108,108,108,108,0,1.0,mapped_high
read670,925,1,1,108,108,108,108,108,0,1.0,mapped_high
read671,926,1,1,108,108,108,108,108,0,1.0,mapped_high
read672,927,1,1,108,108,108,108,108,0,1.0,mapped_high
read673,928,1,1,108,108,108,108,108,0,1.0,mapped_high
read674,929,1,1,108,108,108,108,108,0,1.0,mapped_high
read675,930,1,1,108,108,108,108,108,0,1.0,mapped_high
read676,931,1,1,108,108,108,108,108,0,1.0,mapped_high
read677,932,1,1,108,108,108,108,108,0,1.0,mapped_high
read678,933,1,1,108,108,108,108,108,0,1.0,mapped_high
read679,934,1,1,108,108,108,108,108,0,1.0,mapped_high
read680,935,1,1,108,108,108,108,108,0,1.0,mapped_high
read681,936,1,1,108,108,108,108,108,0,1.0,mapped_high
read682,937,1,1,108,108,108,108,108,0,1.0,mapped_high
read683,938,1,1,108,108,108,108,108,0,1.0,mapped_high
read684,939,1,1,108,108,108,108,108,0,1.0,mapped_high
read685,940,1,1,108,108,108,108,108,0,1.0,mapped_high
read686,941,1,1,108,108,108,108,108,0,1.0,mapped_high
read687,942,1,1,108,108,108,108,108,0,1.0,mapped_high
read688,943,1,1,108,108,108,108,108,0,1.0,mapped_high
read689,944,1,1,108,108,108,108,108,0,1.0,mapped_high
read690,945,1,1,108,108,108,108,108,0,1.0,mapped_high
read691,946,1,1,108,108,108,108,108,0,1.0,mapped_high
read692,947,1,1,108,108,108,108,108,0,1.0,mapped_high
read693,948,1,1,108,108,108,108,108,0,1.0,mapped_high
read694,949,1,1,108,108,108,108,108,0,1.0,mapped_high
read695,950,1,1,108,108,108,108,108,0,1.0,mapped_high
read696,951,1,1,108,108,108,108,108,0,1.0,mapped_high
read697,952,1,1,108,108,108,108,108,0,1.0,mapped_high
read698,953,1,1,108,108,108,108,108,0,1.0,mapped_high
read699,954,1,1,108,108,108,108,108,0,1.0,mapped_high
read700,955,1,1,108,108,108,108,108,0,1.0,mapped_high
read701,956,1,1,108,108,108,108,108,0,1.0,mapped_high
read702,957,1,1,108,108,108,108,108,0,1.0,mapped_high
read703,958,1,1,108,108,108,108,108,0,1.0,mapped_high
read704,959,1,1,108,108,108,108,108,0,1.0,mapped_high
read705,960,1,1,108,108,108,108,108,0,1.0,mapped_high
read706,961,1,1,108,108,108,108,108,0,1.0,mapped_high
read707,962,1,1,108,108,108,108,108,0,1.0,mapped_high
read708,963,1,1,108,108,108,108,108,0,1.0,mapped_high
read709,964,1,1,108,108,108,108,108,0,1.0,mapped_high
read710,965,1,1,108,108,108,108,108,0,1.0,mapped_high
read711,966,1,1,108,108,108,108,108,0,1.0,mapped_high
read712,967,1,1,108,108,108,108,108,0,1.0,mapped_high
read713,968,1,1,108,108,108,108,108,0,1.0,mapped_high
read714,969,1,1,108,108,108,108,108,0,1.0,mapped_high
read715,970,1,1,108,108,108,108,108,0,1.0,mapped_high
read716,971,1,1,108,108,108,108,108,0,1.0,mapped_high
read717,972,1,1,108,108,108,108,108,0,1.0,mapped_high
read718,973,1,1,108,108,108,108,108,0,1.0,mapped_high
read719,974,1,1,108,108,108,108,108,0,1.0,mapped_high
read720,975,1,1,108,108,108,108,108,0,1.0,mapped_high
read721,976,1,1,108,108,108,108,108,0,1.0,mapped_high
read722,977,1,1,108,108,108,108,108,0,1.0,mapped_high
read723,978,1,1,108,108,108,108,108,0,1.0,mapped_high
read724,979,1,1,108,108,108,108,108,0,1.0,mapped_high
read725,980,1,1,108,108,108,108,108,0,1.0,mapped_high
read726,981,1,1,108,108,108,108,108,0,1.0,mapped_high
read727,982,1,1,108,108,108,108,108,0,1.0,mapped_high
read728,983,1,1,108,108,108,108,108,0,1.0,mapped_high
read729,984,1,1,108,108,108,108,108,0,1.0,mapped_high
read730,985,1,1,108,108,108,108,108,0,1.0,mapped_high
read731,986,1,1,108,108,108,108,108,0,1.0,mapped_high
read732,987,1,1,108,108,108,108,108,0,1.0,mapped_high
read733,988,1,1,108,108,108,108,108,0,1.0,mapped_high
read734,989,1,1,108,108,108,108,108,0,1.0,mapped_high
read735,990,1,1,108,108,108,108,108,0,1.0,mapped_high
read736,991,1,1,108,108,108,108,108,0,1.0,mapped_high
read737,992,1,1,108,108,108,108,108,0,1.0,mapped_high
read738,993,1,1,108,108,108,108,108,0,1.0,mapped_high
read739,994,1,1,108,108,108,108,108,0,1.0,mapped_high
read740,995,1,1,108,108,108,108,108,0,1.0,mapped_high
read741,996,1,1,108,108,108,108,108,0,1.0,mapped_high
read742,997,1,1,108,108,108,108,108,0,1.0,mapped_high
read743,998,1,1,108,108,108,108,108,0,1.0,mapped_high
read744,999,1,1,108,108,108,108,108,0,1.0,mapped_high
read745,261,1,1,108,108,108,108,108,0,1.0,mapped_high
read746,262,1,1,108,108,108,108,108,1,0.9907407407407407,mapped_high
read747,263,1,1,108,108,108,108,108,0,1.0,mapped_high
read748,264,1,1,108,108,108,108,108,0,1.0,mapped_high
read749,265,1,1,108,108,108,108,108,0,1.0,mapped_high
read750,266,1,1,108,108,108,108,108,0,1.0,mapped_high
read751,267,1,1,108,108,108,108,108,0,1.0,mapped_high
read752,268,1,1,108,108,108,108,108,0,1.0,mapped_high
read753,269,1,1,108,108,108,108,108,0,1.0,mapped_high
read754,270,1,1,108,108,108,108,108,0,1.0,mapped_high
read755,271,1,1,108,108,108,108,108,0,1.0,mapped_high
read756,272,1,1,108,108,108,108,108,0,1.0,mapped_high
read757,273,1,1,108,108,108,108,108,0,1.0,mapped_high
read758,274,1,1,108,108,108,108,108,0,1.0,mapped_high
read759,275,1,1,108,108,108,108,108,0,1.0,mapped_high
read760,276,1,1,108,108,108,108,108,0,1.0,mapped_high
read761,277,1,1,108,108,108,108,108,0,1.0,mapped_high
read762,278,1,1,108,108,108,108,108,0,1.0,mapped_high
read763,279,1,1,108,108,108,108,108,0,1.0,mapped_high
read764,280,1,1,108,108,108,108,108,0,1.0,mapped_high
read765,281,1,1,108,108,108,108,108,0,1.0,mapped_high
read766,282,1,1,108,108,108,108,108,0,1.0,mapped_high
read767,283,1,1,108,108,108,108,108,0,1.0,mapped_high
read768,284,1,1,108,108,108,108,108,0,1.0,mapped_high
read769,285,1,1,108,108,108,108,108,0,1.0,mapped_high
read770,286,1,1,108,108,108,108,108,0,1.0,mapped_high
read771,287,1,1,108,108,108,108,108,0,1.0,mapped_high
read772,288,1,1,108,108,108,108,108,0,1.0,mapped_high
read773,290,1,1,108,108,108,108,108,0,1.0,mapped_high
read774,291,1,1,108,108,108,108,108,0,1.0,mapped_high
read775,292,1,1,108,108,108,108,108,0,1.0,mapped_high
read776,293,1,1,108,108,108,108,108,0,1.0,mapped_high
read777,294,1,1,108,108,108,108,108,0,1.0,mapped_high
read778,295,1,1,108,108,108,108,108,0,1.0,mapped_high
read779,296,1,1,108,108,108,108,108,0,1.0,mapped_high
read780,297,1,1,108,108,108,108,108,0,1.0,mapped_high
read781,298,1,1,108,108,108,108,108,0,1.0,mapped_high
read782,299,1,1,108,108,108,108,108,0,1.0,mapped_high
read783,300,1,1,108,108,108,108,108,0,1.0,mapped_high
read784,301,1,1,108,108,108,108,108,0,1.0,mapped_high
read785,302,1,1,108,108,108,108,108,0,1.0,mapped_high
read786,303,1,1,108,108,108,108,108,0,1.0,mapped_high
read787,304,1,1,108,108,108,108,108,0,1.0,mapped_high
read788,305,1,1,108,108,108,108,108,0,1.0,mapped_high
read789,306,1,1,108,108,108,108,108,0,1.0,mapped_high
read790,307,1,1,108,108,108,108,108,0,1.0,mapped_high
read791,308,1,1,108,108,108,108,108,0,1.0,mapped_high
read792,309,1,1,108,108,108,108,108,0,1.0,mapped_high
read793,310,1,1,108,108,108,108,108,0,1.0,mapped_high
read794,311,1,1,108,108,108,108,108,0,1.0,mapped_high
read795,312,1,1,108,108,108,108,108,0,1.0,mapped_high
read796,313,1,1,108,108,108,108,108,0,1.0,mapped_high
read797,314,1,1,108,108,108,108,108,0,1.0,mapped_high
read798,315,1,1,108,108,108,108,108,0,1.0,mapped_high
read799,316,1,1,108,108,108,108,108,0,1.0,mapped_high
read800,317,1,1,108,108,108,108,108,0,1.0,mapped_high
